"POLITICO";"NOME_CASA";"PARTIDO";"UF";"ID";"ANO_MANDATO";"LEGISLATURA";"URL_FOTO"
"RICARDO TEOBALDO";"RICARDO TEOBALDO";"PTB";"";"dd7c017c0f793bc098d264d1fa26a8f9";"";"";""
"ALBERTO FILHO";"ALBERTO FILHO";"PMDB";"MA";"5830840";"2011.0";"54.0";""
"DULCE MIRANDA";"DULCE MIRANDA";"PMDB";"TO";"5830311";"2011.0";"54.0";""
"MARCOS MONTES";"MARCOS MONTES";"PSD";"MG";"5830537";"2011.0";"54.0";""
"ÁTILA LINS";"ÁTILA LINS";"PSD";"AM";"5830571";"2011.0";"54.0";""
"LAERTE BESSA";"LAERTE BESSA";"PR";"DF";"5830785";"2011.0";"54.0";""
"JOÃO RODRIGUES";"JOÃO RODRIGUES";"PSD";"SC";"5830304";"2011.0";"54.0";""
"ANÍBAL GOMES";"ANÍBAL GOMES";"PMDB";"CE";"5830497";"2011.0";"54.0";""
"ALEX MANENTE";"ALEX MANENTE";"PPS";"SP";"5830591";"2011.0";"54.0";""
"FÁBIO MITIDIERI";"FÁBIO MITIDIERI";"PSD";"SE";"5830569";"2011.0";"54.0";""
"CELSO RUSSOMANNO";"CELSO RUSSOMANNO";"PRB";"SP";"5830790";"2011.0";"54.0";""
"CÉLIO SILVEIRA";"CÉLIO SILVEIRA";"PSDB";"GO";"5830585";"2011.0";"54.0";""
"LUCIANA SANTOS";"LUCIANA SANTOS";"PCdoB";"PE";"5830532";"2011.0";"54.0";""
"WADIH DAMOUS";"WADIH DAMOUS";"PT";"RJ";"5830842";"2011.0";"54.0";""
"LUIZ SÉRGIO";"LUIZ SÉRGIO";"PT";"RJ";"5830521";"2011.0";"54.0";""
"RONALDO BENEDET";"RONALDO BENEDET";"PMDB";"SC";"5830753";"2011.0";"54.0";""
"EDMILSON RODRIGUES";"EDMILSON RODRIGUES";"PSOL";"PA";"5830604";"2011.0";"54.0";""
"PEDRO VILELA";"PEDRO VILELA";"PSDB";"AL";"5830787";"2011.0";"54.0";""
"BEBETO";"BEBETO";"PSB";"BA";"5830613";"2011.0";"54.0";""
"ANTONIO BULHÕES";"ANTONIO BULHÕES";"PRB";"SP";"5830625";"2011.0";"54.0";""
"OTAVIO LEITE";"OTAVIO LEITE";"PSDB";"RJ";"5830554";"2011.0";"54.0";""
"MIGUEL LOMBARDI";"MIGUEL LOMBARDI";"PR";"SP";"5830556";"2011.0";"54.0";""
"ELMAR NASCIMENTO";"ELMAR NASCIMENTO";"DEM";"BA";"5830666";"2011.0";"54.0";""
"JOÃO ARRUDA";"JOÃO ARRUDA";"PMDB";"PR";"5830612";"2011.0";"54.0";""
"EDMAR ARRUDA";"EDMAR ARRUDA";"PSC";"PR";"5830508";"2011.0";"54.0";""
"ASSIS CARVALHO";"ASSIS CARVALHO";"PT";"PI";"5830359";"2011.0";"54.0";""
"JÔ MORAES";"JÔ MORAES";"PCdoB";"MG";"5830724";"2011.0";"54.0";""
"MARCOS REATEGUI";"MARCOS REATEGUI";"PSC";"AP";"5830524";"2011.0";"54.0";""
"JOÃO FERNANDO COUTINHO";"JOÃO FERNANDO COUTINHO";"PSB";"PE";"5830583";"2011.0";"54.0";""
"ANDERSON FERREIRA";"ANDERSON FERREIRA";"PR";"PE";"5830422";"2011.0";"54.0";""
"PAULO MALUF";"PAULO MALUF";"PP";"SP";"5830342";"2011.0";"54.0";""
"SIMÃO SESSIM";"SIMÃO SESSIM";"PP";"RJ";"5830589";"2011.0";"54.0";""
"ERIKA KOKAY";"ERIKA KOKAY";"PT";"DF";"5830715";"2011.0";"54.0";""
"DIEGO GARCIA";"DIEGO GARCIA";"PHS";"PR";"5830672";"2011.0";"54.0";""
"HERCULANO PASSOS";"HERCULANO PASSOS";"PSD";"SP";"5830513";"2011.0";"54.0";""
"PAULO PIMENTA";"PAULO PIMENTA";"PT";"RS";"5830669";"2011.0";"54.0";""
"LEO DE BRITO";"LEO DE BRITO";"PT";"AC";"5830505";"2011.0";"54.0";""
"DELEGADO WALDIR";"DELEGADO WALDIR";"PSDB";"GO";"5830350";"2011.0";"54.0";""
"RODRIGO MAIA";"RODRIGO MAIA";"DEM";"RJ";"5830464";"2011.0";"54.0";""
"JEAN WYLLYS";"JEAN WYLLYS";"PSOL";"RJ";"5830725";"2011.0";"54.0";""
"BALEIA ROSSI";"BALEIA ROSSI";"PMDB";"SP";"5830607";"2011.0";"54.0";""
"OSMAR BERTOLDI";"OSMAR BERTOLDI";"DEM";"";"03594d0b7c4e9ec9c1ba3f3d586d68b7";"";"";""
"RUBENS BUENO";"RUBENS BUENO";"PPS";"PR";"5830573";"2011.0";"54.0";""
"EDUARDO BOLSONARO";"EDUARDO BOLSONARO";"PSC";"SP";"5830315";"2011.0";"54.0";""
"ABEL MESQUITA JR.";"ABEL MESQUITA JR.";"PDT";"RR";"5830756";"2011.0";"54.0";""
"EROS BIONDINI";"EROS BIONDINI";"PTB";"MG";"5830677";"2011.0";"54.0";""
"ROSANGELA GOMES";"ROSANGELA GOMES";"PRB";"RJ";"5830662";"2011.0";"54.0";""
"JOSÉ AIRTON";"JOSÉ AIRTON";"PT";"CE";"141464";"2011.0";"54.0";""
"SIMONE MORGADO";"SIMONE MORGADO";"PMDB";"PA";"5830394";"2011.0";"54.0";""
"PENNA";"PENNA";"PV";"SP";"5830843";"2011.0";"54.0";""
"WASHINGTON REIS";"WASHINGTON REIS";"PMDB";"RJ";"5830491";"2011.0";"54.0";""
"MAURO MARIANI";"MAURO MARIANI";"PMDB";"SC";"5830542";"2011.0";"54.0";""
"RAFAEL MOTTA";"RAFAEL MOTTA";"PROS";"RN";"5830775";"2011.0";"54.0";""
"JORGE SOLLA";"JORGE SOLLA";"PT";"BA";"5830414";"2011.0";"54.0";""
"JULIO LOPES";"JULIO LOPES";"PP";"RJ";"5830411";"2011.0";"54.0";""
"LUIZ CLÁUDIO";"LUIZ CLÁUDIO";"PR";"RO";"5830435";"2011.0";"54.0";""
"MARCIO ALVINO";"MARCIO ALVINO";"PR";"SP";"5830720";"2011.0";"54.0";""
"JOÃO CASTELO";"JOÃO CASTELO";"PSDB";"MA";"5830718";"2011.0";"54.0";""
"DELEY";"DELEY";"PTB";"RJ";"5830564";"2011.0";"54.0";""
"HENRIQUE FONTANA";"HENRIQUE FONTANA";"PT";"RS";"5830527";"2011.0";"54.0";""
"MILTON MONTI";"MILTON MONTI";"PR";"SP";"5830520";"2011.0";"54.0";""
"MARCELO MATOS";"MARCELO MATOS";"PDT";"RJ";"5830762";"2011.0";"54.0";""
"TIA ERON";"TIA ERON";"PRB";"BA";"5830767";"2011.0";"54.0";""
"JÉSSICA SALES";"JÉSSICA SALES";"PMDB";"AC";"5830403";"2011.0";"54.0";""
"ARTHUR LIRA";"ARTHUR LIRA";"PP";"AL";"5830321";"2011.0";"54.0";""
"AFONSO HAMM";"AFONSO HAMM";"PP";"RS";"5830647";"2011.0";"54.0";""
"JAIME MARTINS";"JAIME MARTINS";"PSD";"MG";"5830468";"2011.0";"54.0";""
"SILAS BRASILEIRO";"SILAS BRASILEIRO";"PMDB";"MG";"5830809";"2011.0";"54.0";""
"CELSO PANSERA";"CELSO PANSERA";"PMDB";"RJ";"5830473";"2011.0";"54.0";""
"LUCIO VIEIRA LIMA";"LUCIO VIEIRA LIMA";"PMDB";"BA";"5830430";"2011.0";"54.0";""
"ANDRE MOURA";"ANDRE MOURA";"PSC";"SE";"5830799";"2011.0";"54.0";""
"MANOEL JUNIOR";"MANOEL JUNIOR";"PMDB";"PB";"5830509";"2011.0";"54.0";""
"GONZAGA PATRIOTA";"GONZAGA PATRIOTA";"PSB";"PE";"5830575";"2011.0";"54.0";""
"ROSSONI";"ROSSONI";"PSDB";"PR";"5830546";"2011.0";"54.0";""
"AFONSO FLORENCE";"AFONSO FLORENCE";"PT";"BA";"5830319";"2011.0";"54.0";""
"JONY MARCOS";"JONY MARCOS";"PRB";"SE";"5830396";"2011.0";"54.0";""
"HUGO LEAL";"HUGO LEAL";"PROS";"RJ";"5830320";"2011.0";"54.0";""
"ROGÉRIO MARINHO";"ROGÉRIO MARINHO";"PSDB";"RN";"5830463";"2011.0";"54.0";""
"NILSON PINTO";"NILSON PINTO";"PSDB";"PA";"5830421";"2011.0";"54.0";""
"DIMAS FABIANO";"DIMAS FABIANO";"PP";"MG";"5830297";"2011.0";"54.0";""
"RENATO MOLLING";"RENATO MOLLING";"PP";"RS";"5830450";"2011.0";"54.0";""
"CARMEN ZANOTTO";"CARMEN ZANOTTO";"PPS";"SC";"5830630";"2011.0";"54.0";""
"PADRE JOÃO";"PADRE JOÃO";"PT";"MG";"5830781";"2011.0";"54.0";""
"MARX BELTRÃO";"MARX BELTRÃO";"PMDB";"";"fbc1cadd929ff11aaa11f7ffc58378da";"";"";""
"GLAUBER BRAGA";"GLAUBER BRAGA";"PSB";"RJ";"5830397";"2011.0";"54.0";""
"FÉLIX MENDONÇA JÚNIOR";"FÉLIX MENDONÇA JÚNIOR";"PDT";"BA";"5830443";"2011.0";"54.0";""
"NELSON MARQUEZELLI";"NELSON MARQUEZELLI";"PTB";"SP";"5830353";"2011.0";"54.0";""
"TAKAYAMA";"TAKAYAMA";"PSC";"PR";"5830674";"2011.0";"54.0";""
"LUIS TIBÉ";"LUIS TIBÉ";"PTdoB";"MG";"5830737";"2011.0";"54.0";""
"MARCO ANTÔNIO CABRAL";"MARCO ANTÔNIO CABRAL";"PMDB";"";"4834144c2b6b4296e4b5d24d8e9f2fd1";"";"";""
"LINDOMAR GARÇON";"LINDOMAR GARÇON";"PMDB";"RO";"5830734";"2011.0";"54.0";""
"PAULO MAGALHÃES";"PAULO MAGALHÃES";"PSD";"BA";"5830592";"2011.0";"54.0";""
"LEONARDO QUINTÃO";"LEONARDO QUINTÃO";"PMDB";"MG";"5830466";"2011.0";"54.0";""
"WALDIR MARANHÃO";"WALDIR MARANHÃO";"PP";"MA";"5830393";"2011.0";"54.0";""
"FLORIANO PESARO";"FLORIANO PESARO";"PSDB";"";"429ef8bcf4d332979d10a48cea1fa3ff";"";"";""
"JÚLIO CESAR";"JÚLIO CESAR";"PSD";"PI";"5830694";"2011.0";"54.0";""
"RODRIGO DE CASTRO";"RODRIGO DE CASTRO";"PSDB";"MG";"5830453";"2011.0";"54.0";""
"CHICO LOPES";"CHICO LOPES";"PCdoB";"CE";"5830690";"2011.0";"54.0";""
"ÁTILA LIRA";"ÁTILA LIRA";"PSB";"PI";"5830530";"2011.0";"54.0";""
"ELIZIANE GAMA";"ELIZIANE GAMA";"PPS";"MA";"5830448";"2011.0";"54.0";""
"ZECA DIRCEU";"ZECA DIRCEU";"PT";"PR";"5830576";"2011.0";"54.0";""
"HUGO MOTTA";"HUGO MOTTA";"PMDB";"PB";"5830343";"2011.0";"54.0";""
"ROGÉRIO PENINHA MENDONÇA";"ROGÉRIO PENINHA MENDONÇA";"PMDB";"SC";"5830697";"2011.0";"54.0";""
"MARGARIDA SALOMÃO";"MARGARIDA SALOMÃO";"PT";"MG";"5830442";"2011.0";"54.0";""
"JOÃO MARCELO";"JOÃO MARCELO";"PMDB";"";"5b071c7085d260380301e67ca0e0486f";"";"";""
"RICARDO BARROS";"RICARDO BARROS";"PP";"PR";"5830357";"2011.0";"54.0";""
"ADELSON BARRETO";"ADELSON BARRETO";"PTB";"SE";"5830370";"2011.0";"54.0";""
"JÚLIA MARINHO";"JÚLIA MARINHO";"PSC";"PA";"5830699";"2011.0";"54.0";""
"CARLOS MELLES";"CARLOS MELLES";"DEM";"MG";"5830719";"2011.0";"54.0";""
"ANTONIO BALHMANN";"ANTONIO BALHMANN";"PROS";"CE";"5830352";"2011.0";"54.0";""
"RENZO BRAZ";"RENZO BRAZ";"PP";"MG";"5830452";"2011.0";"54.0";""
"GENECIAS NORONHA";"GENECIAS NORONHA";"SD";"CE";"5830384";"2011.0";"54.0";""
"DAGOBERTO";"DAGOBERTO";"PDT";"MS";"5830399";"2011.0";"54.0";""
"JÚLIO DELGADO";"JÚLIO DELGADO";"PSB";"MG";"5830574";"2011.0";"54.0";""
"GIOVANI FELTES";"GIOVANI FELTES";"PMDB";"";"0cbe63440d1d9753497ff20d5165a55e";"";"";""
"FERNANDO COELHO FILHO";"FERNANDO COELHO FILHO";"PSB";"PE";"5830678";"2011.0";"54.0";""
"JOSÉ FOGAÇA";"JOSÉ FOGAÇA";"PMDB";"";"dce0170e4b1d135a1c10fbf44a71722c";"";"";""
"SARNEY FILHO";"SARNEY FILHO";"PV";"MA";"5830511";"2011.0";"54.0";""
"TONINHO WANDSCHEER";"TONINHO WANDSCHEER";"PT";"PR";"5830417";"2011.0";"54.0";""
"JOÃO DANIEL";"JOÃO DANIEL";"PT";"SE";"5830751";"2011.0";"54.0";""
"CAPITÃO FÁBIO ABREU";"CAPITÃO FÁBIO ABREU";"PTB";"";"b585c1981e3456705d4707640e29958a";"";"";""
"BOHN GASS";"BOHN GASS";"PT";"RS";"5830655";"2011.0";"54.0";""
"GOULART";"GOULART";"PSD";"SP";"5830382";"2011.0";"54.0";""
"CHICO D'ANGELO";"CHICO D'ANGELO";"PT";"RJ";"5830298";"2011.0";"54.0";""
"DARCÍSIO PERONDI";"DARCÍSIO PERONDI";"PMDB";"RS";"5830385";"2011.0";"54.0";""
"RODRIGO MARTINS";"RODRIGO MARTINS";"PSB";"PI";"5830636";"2011.0";"54.0";""
"PAES LANDIM";"PAES LANDIM";"PTB";"PI";"5830740";"2011.0";"54.0";""
"JHONATAN DE JESUS";"JHONATAN DE JESUS";"PRB";"RR";"5830341";"2011.0";"54.0";""
"MARCOS ROTTA";"MARCOS ROTTA";"PMDB";"AM";"5830431";"2011.0";"54.0";""
"ANA PERUGINI";"ANA PERUGINI";"PT";"SP";"5830779";"2011.0";"54.0";""
"LELO COIMBRA";"LELO COIMBRA";"PMDB";"ES";"5830469";"2011.0";"54.0";""
"JOÃO MARCELO SOUZA";"JOÃO MARCELO SOUZA";"PMDB";"MA";"5830331";"2011.0";"54.0";""
"HERÁCLITO FORTES";"HERÁCLITO FORTES";"PSB";"PI";"5830716";"2011.0";"54.0";""
"CAETANO";"CAETANO";"PT";"BA";"5830486";"2011.0";"54.0";""
"JOÃO CARLOS BACELAR";"JOÃO CARLOS BACELAR";"PR";"BA";"5830780";"2011.0";"54.0";""
"EZEQUIEL TEIXEIRA";"EZEQUIEL TEIXEIRA";"SD";"RJ";"5830620";"2011.0";"54.0";""
"JOSÉ PRIANTE";"JOSÉ PRIANTE";"PMDB";"PA";"5830495";"2011.0";"54.0";""
"ALBERTO FRAGA";"ALBERTO FRAGA";"DEM";"DF";"5830472";"2011.0";"54.0";""
"VICENTE CANDIDO";"VICENTE CANDIDO";"PT";"SP";"5830344";"2011.0";"54.0";""
"LUIZIANNE LINS";"LUIZIANNE LINS";"PT";"CE";"5830427";"2011.0";"54.0";""
"ARLINDO CHINAGLIA";"ARLINDO CHINAGLIA";"PT";"SP";"5830761";"2011.0";"54.0";""
"SAMUEL MOREIRA";"SAMUEL MOREIRA";"PSDB";"SP";"5830477";"2011.0";"54.0";""
"WALDENOR PEREIRA";"WALDENOR PEREIRA";"PT";"BA";"5830548";"2011.0";"54.0";""
"ADALBERTO CAVALCANTI";"ADALBERTO CAVALCANTI";"PTB";"PE";"5830364";"2011.0";"54.0";""
"ULDURICO JUNIOR";"ULDURICO JUNIOR";"PTC";"BA";"5830447";"2011.0";"54.0";""
"SILAS CÂMARA";"SILAS CÂMARA";"PSD";"AM";"5830401";"2011.0";"54.0";""
"FÁBIO FARIA";"FÁBIO FARIA";"PSD";"RN";"5830349";"2011.0";"54.0";""
"SÁGUAS MORAES";"SÁGUAS MORAES";"PT";"MT";"5830560";"2011.0";"54.0";""
"VITOR LIPPI";"VITOR LIPPI";"PSDB";"SP";"5830438";"2011.0";"54.0";""
"GIVALDO VIEIRA";"GIVALDO VIEIRA";"PT";"ES";"5830706";"2011.0";"54.0";""
"EDUARDO DA FONTE";"EDUARDO DA FONTE";"PP";"PE";"5830517";"2011.0";"54.0";""
"AUGUSTO COUTINHO";"AUGUSTO COUTINHO";"DEM";"PE";"160665";"2011.0";"54.0";""
"ELI CÔRREA FILHO";"ELI CÔRREA FILHO";"DEM";"";"a70e482b07da3855c31eb24ec1f074cb";"";"";""
"LEONARDO MONTEIRO";"LEONARDO MONTEIRO";"PT";"MG";"5830402";"2011.0";"54.0";""
"MARCOS ABRÃO";"MARCOS ABRÃO";"PPS";"GO";"5830445";"2011.0";"54.0";""
"FABIO GARCIA";"FABIO GARCIA";"PSB";"MT";"5830459";"2011.0";"54.0";""
"LÚCIO VALE";"LÚCIO VALE";"PR";"PA";"5830567";"2011.0";"54.0";""
"AFONSO MOTTA";"AFONSO MOTTA";"PDT";"RS";"5830619";"2011.0";"54.0";""
"LUCIO MOSQUINI";"LUCIO MOSQUINI";"PMDB";"RO";"5830729";"2011.0";"54.0";""
"DELEGADO EDSON MOREIRA";"DELEGADO EDSON MOREIRA";"PTN";"MG";"5830363";"2011.0";"54.0";""
"ZÉ CARLOS";"ZÉ CARLOS";"PT";"MA";"5830644";"2011.0";"54.0";""
"SARAIVA FELIPE";"SARAIVA FELIPE";"PMDB";"MG";"5830577";"2011.0";"54.0";""
"JUTAHY JUNIOR";"JUTAHY JUNIOR";"PSDB";"BA";"5830416";"2011.0";"54.0";""
"PEDRO UCZAI";"PEDRO UCZAI";"PT";"SC";"5830617";"2011.0";"54.0";""
"GEOVANIA DE SÁ";"GEOVANIA DE SÁ";"PSDB";"SC";"5830539";"2011.0";"54.0";""
"VALMIR ASSUNÇÃO";"VALMIR ASSUNÇÃO";"PT";"BA";"5830418";"2011.0";"54.0";""
"ENIO VERRI";"ENIO VERRI";"PT";"PR";"5830348";"2011.0";"54.0";""
"SUBTENENTE GONZAGA";"SUBTENENTE GONZAGA";"PDT";"MG";"5830736";"2011.0";"54.0";""
"RODRIGO PACHECO";"RODRIGO PACHECO";"PMDB";"MG";"5830584";"2011.0";"54.0";""
"EDUARDO CUNHA";"EDUARDO CUNHA";"PMDB";"RJ";"5830533";"2011.0";"54.0";""
"JORGE CÔRTE REAL";"JORGE CÔRTE REAL";"PTB";"PE";"5830621";"2011.0";"54.0";""
"JARBAS VASCONCELOS";"JARBAS VASCONCELOS";"PMDB";"PE";"5830323";"2011.0";"54.0";""
"VINICIUS CARVALHO";"VINICIUS CARVALHO";"PRB";"SP";"5830631";"2011.0";"54.0";""
"ALIEL MACHADO";"ALIEL MACHADO";"PCdoB";"PR";"5830336";"2011.0";"54.0";""
"GILBERTO NASCIMENTO";"GILBERTO NASCIMENTO";"PSC";"SP";"5830514";"2011.0";"54.0";""
"WALTER IHOSHI";"WALTER IHOSHI";"PSD";"SP";"5830801";"2011.0";"54.0";""
"ALUISIO MENDES";"ALUISIO MENDES";"PSDC";"MA";"5830565";"2011.0";"54.0";""
"EVANDRO ROGERIO ROMAN";"EVANDRO ROGERIO ROMAN";"PSD";"";"f5aa04c84f6d47949d79abff26364992";"";"";""
"DOMINGOS NETO";"DOMINGOS NETO";"PROS";"CE";"5830652";"2011.0";"54.0";""
"RUBENS OTONI";"RUBENS OTONI";"PT";"GO";"5830485";"2011.0";"54.0";""
"INDIO DA COSTA";"INDIO DA COSTA";"PSD";"RJ";"5830731";"2011.0";"54.0";""
"LUIZ CARLOS RAMOS";"LUIZ CARLOS RAMOS";"PSDC";"";"153f4516ac767bd4506bc5ed067dd544";"";"";""
"MARCUS VICENTE";"MARCUS VICENTE";"PP";"ES";"5830562";"2011.0";"54.0";""
"VICENTINHO";"VICENTINHO";"PT";"SP";"5830496";"2011.0";"54.0";""
"EDUARDO BARBOSA";"EDUARDO BARBOSA";"PSDB";"MG";"5830588";"2011.0";"54.0";""
"STEFANO AGUIAR";"STEFANO AGUIAR";"PSB";"MG";"5830746";"2011.0";"54.0";""
"PROFESSOR VICTÓRIO GALLI";"PROFESSOR VICTÓRIO GALLI";"PSC";"MT";"5830388";"2011.0";"54.0";""
"PASTOR FRANKLIN";"PASTOR FRANKLIN";"PTdoB";"MG";"5830835";"2011.0";"54.0";""
"MARCELO AGUIAR";"MARCELO AGUIAR";"DEM";"SP";"5830805";"2011.0";"54.0";""
"FERNANDO MARRONI";"FERNANDO MARRONI";"PT";"RS";"5830823";"2011.0";"54.0";""
"DR. JORGE SILVA";"DR. JORGE SILVA";"PROS";"ES";"5830309";"2011.0";"54.0";""
"JULIÃO AMIN CASTRO";"JULIÃO AMIN CASTRO";"PDT";"";"c4fdad97c3a0186cb9a9c39a9a176659";"";"";""
"BETO SALAME";"BETO SALAME";"PROS";"PA";"5830637";"2011.0";"54.0";""
"DAMIÃO FELICIANO";"DAMIÃO FELICIANO";"PDT";"PB";"5830673";"2011.0";"54.0";""
"MÁRIO NEGROMONTE JÚNIOR";"MÁRIO NEGROMONTE JÚNIOR";"PP";"";"03d5fc1dfd46cf9294513b37c161ffad";"";"";""
"JOZI ROCHA";"JOZI ROCHA";"PTB";"AP";"5830308";"2011.0";"54.0";""
"CARLOS MARUN";"CARLOS MARUN";"PMDB";"MS";"5830595";"2011.0";"54.0";""
"SANDES JÚNIOR";"SANDES JÚNIOR";"PP";"GO";"5830807";"2011.0";"54.0";""
"RONALDO LESSA";"RONALDO LESSA";"PDT";"AL";"5830580";"2011.0";"54.0";""
"CÍCERO ALMEIDA";"CÍCERO ALMEIDA";"PRTB";"AL";"5830797";"2011.0";"54.0";""
"ELIZEU DIONIZIO";"ELIZEU DIONIZIO";"SDD";"";"e64e9ca64f89f5ff6700182e1f39ef55";"";"";""
"CONCEIÇÃO SAMPAIO";"CONCEIÇÃO SAMPAIO";"PP";"AM";"5830629";"2011.0";"54.0";""
"ROBERTO BALESTRA";"ROBERTO BALESTRA";"PP";"GO";"5830602";"2011.0";"54.0";""
"DAVIDSON MAGALHÃES";"DAVIDSON MAGALHÃES";"PCdoB";"BA";"5830808";"2011.0";"54.0";""
"SEBASTIÃO OLIVEIRA";"SEBASTIÃO OLIVEIRA";"PR";"";"6613b5b850e89681f40394b101d6fe51";"";"";""
"ANDRÉ FUFUCA";"ANDRÉ FUFUCA";"PEN";"MA";"5830768";"2011.0";"54.0";""
"DÉCIO LIMA";"DÉCIO LIMA";"PT";"SC";"5830313";"2011.0";"54.0";""
"ALAN RICK";"ALAN RICK";"PRB";"AC";"5830326";"2011.0";"54.0";""
"MORONI TORGAN";"MORONI TORGAN";"DEM";"CE";"5830717";"2011.0";"54.0";""
"WADSON RIBEIRO";"WADSON RIBEIRO";"PCdoB";"MG";"5830810";"2011.0";"54.0";""
"ALICE PORTUGAL";"ALICE PORTUGAL";"PCdoB";"BA";"5830470";"2011.0";"54.0";""
"ORLANDO SILVA";"ORLANDO SILVA";"PCdoB";"SP";"5830446";"2011.0";"54.0";""
"JANETE CAPIBERIBE";"JANETE CAPIBERIBE";"PSB";"AP";"5830358";"2011.0";"54.0";""
"WELITON PRADO";"WELITON PRADO";"PT";"MG";"5830380";"2011.0";"54.0";""
"MÁRIO NEGROMONTE JR.";"MÁRIO NEGROMONTE JR.";"PP";"BA";"5830558";"2011.0";"54.0";""
"MISAEL VARELLA";"MISAEL VARELLA";"DEM";"MG";"5830681";"2011.0";"54.0";""
"WILLIAM WOO";"WILLIAM WOO";"PSDB";"SP";"141563";"2007.0";"53.0";""
"VITOR VALIM";"VITOR VALIM";"PMDB";"CE";"5830640";"2011.0";"54.0";""
"SÉRGIO BRITO";"SÉRGIO BRITO";"PSD";"BA";"5830291";"2011.0";"54.0";""
"WOLNEY QUEIROZ";"WOLNEY QUEIROZ";"PDT";"PE";"5830303";"2011.0";"54.0";""
"WALNEY ROCHA";"WALNEY ROCHA";"PTB";"RJ";"5830826";"2011.0";"54.0";""
"CABO DACIOLO";"CABO DACIOLO";"S.PART.";"RJ";"5830757";"2011.0";"54.0";""
"JOSÉ MENTOR";"JOSÉ MENTOR";"PT";"SP";"5830475";"2011.0";"54.0";""
"RAQUEL MUNIZ";"RAQUEL MUNIZ";"PSC";"MG";"5830376";"2011.0";"54.0";""
"JUNIOR MARRECA";"JUNIOR MARRECA";"PEN";"MA";"5830432";"2011.0";"54.0";""
"DELEGADO ÉDER MAURO";"DELEGADO ÉDER MAURO";"PSD";"PA";"5830498";"2011.0";"54.0";""
"DILCEU SPERAFICO";"DILCEU SPERAFICO";"PP";"PR";"5830651";"2011.0";"54.0";""
"LUIZ COUTO";"LUIZ COUTO";"PT";"PB";"5830317";"2011.0";"54.0";""
"BACELAR";"BACELAR";"PTN";"BA";"5830536";"2011.0";"54.0";""
"LAERCIO OLIVEIRA";"LAERCIO OLIVEIRA";"SD";"SE";"5830362";"2011.0";"54.0";""
"RONALDO CARLETTO";"RONALDO CARLETTO";"PP";"BA";"5830566";"2011.0";"54.0";""
"MARCO TEBALDI";"MARCO TEBALDI";"PSDB";"SC";"5830440";"2011.0";"54.0";""
"DANRLEI DE DEUS HINTERHOLZ";"DANRLEI DE DEUS HINTERHOLZ";"PSD";"RS";"5830726";"2011.0";"54.0";""
"CARLOS MANATO";"CARLOS MANATO";"SD";"ES";"5830639";"2011.0";"54.0";""
"NELSON MARCHEZAN JUNIOR";"NELSON MARCHEZAN JUNIOR";"PSDB";"RS";"5830428";"2011.0";"54.0";""
"SERGIO SOUZA";"SERGIO SOUZA";"PMDB";"";"9da9e9714891ab82358a52d260559c87";"";"";""
"LAUDIVIO CARVALHO";"LAUDIVIO CARVALHO";"PMDB";"MG";"5830484";"2011.0";"54.0";""
"CARLOS EDUARDO CADOCA";"CARLOS EDUARDO CADOCA";"PCdoB";"PE";"5830813";"2011.0";"54.0";""
"EVANDRO ROMAN";"EVANDRO ROMAN";"PSD";"PR";"5830516";"2011.0";"54.0";""
"JOSÉ REINALDO";"JOSÉ REINALDO";"PSB";"MA";"5830354";"2011.0";"54.0";""
"CARLOS ZARATTINI";"CARLOS ZARATTINI";"PT";"SP";"5830561";"2011.0";"54.0";""
"ANTONIO BRITO";"ANTONIO BRITO";"PTB";"BA";"5830609";"2011.0";"54.0";""
"MERLONG SOLANO";"MERLONG SOLANO";"PT";"";"d22508eae2541ae8f319f6e53f13e0d3";"";"";""
"VANDERLEI MACRIS";"VANDERLEI MACRIS";"PSDB";"SP";"5830332";"2011.0";"54.0";""
"FERNANDO MONTEIRO";"FERNANDO MONTEIRO";"PP";"";"bebb7d3da3d4b5fcf64a9c1646690558";"";"";""
"FÁBIO SOUSA";"FÁBIO SOUSA";"PSDB";"GO";"5830415";"2011.0";"54.0";""
"ODELMO LEÃO";"ODELMO LEÃO";"PP";"MG";"5830327";"2011.0";"54.0";""
"SORAYA SANTOS";"SORAYA SANTOS";"PMDB";"RJ";"5830365";"2011.0";"54.0";""
"ELI CORREA FILHO";"ELI CORREA FILHO";"DEM";"SP";"160532";"2011.0";"54.0";""
"TIRIRICA";"TIRIRICA";"PR";"SP";"5830378";"2011.0";"54.0";""
"RUBENS PEREIRA JÚNIOR";"RUBENS PEREIRA JÚNIOR";"PCdoB";"MA";"5830306";"2011.0";"54.0";""
"ZECA CAVALCANTI";"ZECA CAVALCANTI";"PTB";"PE";"5830626";"2011.0";"54.0";""
"JOSÉ GUIMARÃES";"JOSÉ GUIMARÃES";"PT";"CE";"5830597";"2011.0";"54.0";""
"NILSON LEITÃO";"NILSON LEITÃO";"PSDB";"MT";"5830675";"2011.0";"54.0";""
"CARLOS HENRIQUE GAGUIM";"CARLOS HENRIQUE GAGUIM";"PMDB";"TO";"5830622";"2011.0";"54.0";""
"ROGÉRIO ROSSO";"ROGÉRIO ROSSO";"PSD";"DF";"5830553";"2011.0";"54.0";""
"GABRIEL GUIMARÃES";"GABRIEL GUIMARÃES";"PT";"MG";"5830611";"2011.0";"54.0";""
"PROFESSORA DORINHA SEABRA REZENDE";"PROFESSORA DORINHA SEABRA REZENDE";"DEM";"TO";"5830683";"2011.0";"54.0";""
"MAJOR OLIMPIO";"MAJOR OLIMPIO";"PDT";"SP";"5830405";"2011.0";"54.0";""
"VINICIUS GURGEL";"VINICIUS GURGEL";"PR";"AP";"5830482";"2011.0";"54.0";""
"COVATTI FILHO";"COVATTI FILHO";"PP";"RS";"5830523";"2011.0";"54.0";""
"FRANCISCO FLORIANO";"FRANCISCO FLORIANO";"PR";"RJ";"5830707";"2011.0";"54.0";""
"MARINHA RAUPP";"MARINHA RAUPP";"PMDB";"RO";"5830657";"2011.0";"54.0";""
"LÁZARO BOTELHO";"LÁZARO BOTELHO";"PP";"TO";"5830290";"2011.0";"54.0";""
"JORGE TADEU MUDALEN";"JORGE TADEU MUDALEN";"DEM";"SP";"5830590";"2011.0";"54.0";""
"EDINHO BEZ";"EDINHO BEZ";"PMDB";"SC";"5830818";"2011.0";"54.0";""
"MARCELO ARO";"MARCELO ARO";"PHS";"MG";"5830596";"2011.0";"54.0";""
"ALFREDO KAEFER";"ALFREDO KAEFER";"PSDB";"PR";"5830645";"2011.0";"54.0";""
"HELDER SALOMÃO";"HELDER SALOMÃO";"PT";"ES";"5830351";"2011.0";"54.0";""
"WEVERTON ROCHA";"WEVERTON ROCHA";"PDT";"MA";"5830409";"2011.0";"54.0";""
"FERNANDO FRANCISCHINI";"FERNANDO FRANCISCHINI";"SD";"PR";"5830383";"2011.0";"54.0";""
"ALESSANDRO MOLON";"ALESSANDRO MOLON";"PT";"RJ";"5830329";"2011.0";"54.0";""
"ONYX LORENZONI";"ONYX LORENZONI";"DEM";"RS";"5830449";"2011.0";"54.0";""
"DIEGO ANDRADE";"DIEGO ANDRADE";"PSD";"MG";"5830547";"2011.0";"54.0";""
"WILSON FILHO";"WILSON FILHO";"PTB";"PB";"5830752";"2011.0";"54.0";""
"HERMES PARCIANELLO";"HERMES PARCIANELLO";"PMDB";"PR";"5830423";"2011.0";"54.0";""
"RICARDO TRIPOLI";"RICARDO TRIPOLI";"PSDB";"SP";"5830307";"2011.0";"54.0";""
"NEWTON CARDOSO JR";"NEWTON CARDOSO JR";"PMDB";"MG";"5830372";"2011.0";"54.0";""
"BRUNA FURLAN";"BRUNA FURLAN";"PSDB";"SP";"5830665";"2011.0";"54.0";""
"ANDRÉ FIGUEIREDO";"ANDRÉ FIGUEIREDO";"PDT";"CE";"5830614";"2011.0";"54.0";""
"ESPERIDIÃO AMIN";"ESPERIDIÃO AMIN";"PP";"SC";"5830346";"2011.0";"54.0";""
"GORETE PEREIRA";"GORETE PEREIRA";"PR";"CE";"5830366";"2011.0";"54.0";""
"MIGUEL HADDAD";"MIGUEL HADDAD";"PSDB";"SP";"5830360";"2011.0";"54.0";""
"DANIEL COELHO";"DANIEL COELHO";"PSDB";"PE";"5830748";"2011.0";"54.0";""
"PAULO FEIJÓ";"PAULO FEIJÓ";"PR";"RJ";"5830551";"2011.0";"54.0";""
"SANDRO ALEX";"SANDRO ALEX";"PPS";"PR";"5830763";"2011.0";"54.0";""
"PAUDERNEY AVELINO";"PAUDERNEY AVELINO";"DEM";"AM";"5830374";"2011.0";"54.0";""
"LUCAS VERGILIO";"LUCAS VERGILIO";"SD";"GO";"5830727";"2011.0";"54.0";""
"WLADIMIR COSTA";"WLADIMIR COSTA";"SD";"PA";"5830474";"2011.0";"54.0";""
"ZÉ GERALDO";"ZÉ GERALDO";"PT";"PA";"5830518";"2011.0";"54.0";""
"JOSE STÉDILE";"JOSE STÉDILE";"PSB";"RS";"5830377";"2011.0";"54.0";""
"JOSÉ MAIA FILHO";"JOSÉ MAIA FILHO";"SD";"PI";"5830841";"2011.0";"54.0";""
"THIAGO PEIXOTO";"THIAGO PEIXOTO";"PMDB";"GO";"160617";"2011.0";"54.0";""
"BETO ROSADO";"BETO ROSADO";"PP";"RN";"5830685";"2011.0";"54.0";""
"ANTONIO IMBASSAHY";"ANTONIO IMBASSAHY";"PSDB";"BA";"5830702";"2011.0";"54.0";""
"ANGELIM";"ANGELIM";"PT";"AC";"5830541";"2011.0";"54.0";""
"ERIVELTON SANTANA";"ERIVELTON SANTANA";"PSC";"BA";"5830292";"2011.0";"54.0";""
"HILDO ROCHA";"HILDO ROCHA";"PMDB";"MA";"5830656";"2011.0";"54.0";""
"WELLINGTON ROBERTO";"WELLINGTON ROBERTO";"PR";"PB";"5830395";"2011.0";"54.0";""
"JORGINHO MELLO";"JORGINHO MELLO";"PR";"SC";"5830670";"2011.0";"54.0";""
"SERGIO ZVEITER";"SERGIO ZVEITER";"PSD";"RJ";"5830774";"2011.0";"54.0";""
"ALEXANDRE VALLE";"ALEXANDRE VALLE";"PRP";"RJ";"5830436";"2011.0";"54.0";""
"RAIMUNDO GOMES DE MATOS";"RAIMUNDO GOMES DE MATOS";"PSDB";"CE";"5830549";"2011.0";"54.0";""
"MAGDA MOFATTO";"MAGDA MOFATTO";"PR";"GO";"5830735";"2011.0";"54.0";""
"ALEXANDRE BALDY";"ALEXANDRE BALDY";"PSDB";"GO";"5830373";"2011.0";"54.0";""
"DR. JOÃO";"DR. JOÃO";"PR";"RJ";"5830429";"2011.0";"54.0";""
"MANDETTA";"MANDETTA";"DEM";"MS";"5830643";"2011.0";"54.0";""
"BENEDITA DA SILVA";"BENEDITA DA SILVA";"PT";"RJ";"5830660";"2011.0";"54.0";""
"WHERLES ROCHA";"WHERLES ROCHA";"PSDB";"";"a36b50ba4fda873fd3963e65fc80479c";"";"";""
"EDUARDO CURY";"EDUARDO CURY";"PSDB";"SP";"5830529";"2011.0";"54.0";""
"NILTON CAPIXABA";"NILTON CAPIXABA";"PTB";"RO";"5830458";"2011.0";"54.0";""
"PAULO AZI";"PAULO AZI";"DEM";"BA";"5830391";"2011.0";"54.0";""
"BETO FARO";"BETO FARO";"PT";"PA";"5830714";"2011.0";"54.0";""
"BETINHO GOMES";"BETINHO GOMES";"PSDB";"PE";"5830545";"2011.0";"54.0";""
"EZEQUIEL FONSECA";"EZEQUIEL FONSECA";"PP";"MT";"5830745";"2011.0";"54.0";""
"SERGIO VIDIGAL";"SERGIO VIDIGAL";"PDT";"ES";"5830682";"2011.0";"54.0";""
"BETO MANSUR";"BETO MANSUR";"PRB";"SP";"5830451";"2011.0";"54.0";""
"CACÁ LEÃO";"CACÁ LEÃO";"PP";"BA";"5830296";"2011.0";"54.0";""
"JUSCELINO FILHO";"JUSCELINO FILHO";"PRP";"MA";"5830606";"2011.0";"54.0";""
"JOAQUIM PASSARINHO";"JOAQUIM PASSARINHO";"PSD";"PA";"5830502";"2011.0";"54.0";""
"ZENAIDE MAIA";"ZENAIDE MAIA";"PR";"RN";"5830392";"2011.0";"54.0";""
"JOÃO DERLY";"JOÃO DERLY";"PCdoB";"RS";"5830412";"2011.0";"54.0";""
"CHRISTIANE DE SOUZA YARED";"CHRISTIANE DE SOUZA YARED";"PTN";"PR";"5830531";"2011.0";"54.0";""
"TONINHO PINHEIRO";"TONINHO PINHEIRO";"PP";"MG";"5830792";"2011.0";"54.0";""
"JOÃO CAMPOS";"JOÃO CAMPOS";"PSDB";"GO";"5830462";"2011.0";"54.0";""
"PROFESSORA MARCIVANIA";"PROFESSORA MARCIVANIA";"PT";"AP";"5830503";"2011.0";"54.0";""
"CARLOS SAMPAIO";"CARLOS SAMPAIO";"PSDB";"SP";"5830711";"2011.0";"54.0";""
"EVANDRO GUSSI";"EVANDRO GUSSI";"PV";"SP";"5830649";"2011.0";"54.0";""
"CHICO ALENCAR";"CHICO ALENCAR";"PSOL";"RJ";"5830653";"2011.0";"54.0";""
"OSMAR SERRAGLIO";"OSMAR SERRAGLIO";"PMDB";"PR";"5830293";"2011.0";"54.0";""
"DANIEL VILELA";"DANIEL VILELA";"PMDB";"GO";"5830692";"2011.0";"54.0";""
"ROBERTO ALVES";"ROBERTO ALVES";"PRB";"SP";"5830289";"2011.0";"54.0";""
"MARCO MAIA";"MARCO MAIA";"PT";"RS";"5830634";"2011.0";"54.0";""
"CAPITÃO AUGUSTO";"CAPITÃO AUGUSTO";"PR";"SP";"5830434";"2011.0";"54.0";""
"LINCOLN PORTELA";"LINCOLN PORTELA";"PR";"MG";"5830687";"2011.0";"54.0";""
"MARCOS ROGÉRIO";"MARCOS ROGÉRIO";"PDT";"RO";"5830471";"2011.0";"54.0";""
"FRANCISCO CHAPADINHA";"FRANCISCO CHAPADINHA";"PSD";"PA";"5830337";"2011.0";"54.0";""
"REMÍDIO MONAI";"REMÍDIO MONAI";"PR";"RR";"5830333";"2011.0";"54.0";""
"VALADARES FILHO";"VALADARES FILHO";"PSB";"SE";"5830408";"2011.0";"54.0";""
"MARCON";"MARCON";"PT";"RS";"5830794";"2011.0";"54.0";""
"ROBERTO FREIRE";"ROBERTO FREIRE";"PPS";"SP";"5830837";"2011.0";"54.0";""
"ARTHUR OLIVEIRA MAIA";"ARTHUR OLIVEIRA MAIA";"SD";"BA";"5830788";"2011.0";"54.0";""
"PR MARCO FELICIANO";"PR MARCO FELICIANO";"PSC";"";"b4ea9021aab12421758c3c1a14861df8";"";"";""
"ADEMIR CAMILO";"ADEMIR CAMILO";"PROS";"MG";"5830803";"2011.0";"54.0";""
"ROBERTO DE LUCENA";"ROBERTO DE LUCENA";"PV";"SP";"160653";"2011.0";"54.0";""
"VICTOR MENDES";"VICTOR MENDES";"PV";"MA";"5830507";"2011.0";"54.0";""
"MAURÍCIO QUINTELLA LESSA";"MAURÍCIO QUINTELLA LESSA";"PR";"AL";"5830618";"2011.0";"54.0";""
"NILTO TATTO";"NILTO TATTO";"PT";"SP";"5830749";"2011.0";"54.0";""
"MARQUINHO MENDES";"MARQUINHO MENDES";"PMDB";"RJ";"5830827";"2011.0";"54.0";""
"TEREZA CRISTINA";"TEREZA CRISTINA";"PSB";"MS";"5830732";"2011.0";"54.0";""
"DANIEL ALMEIDA";"DANIEL ALMEIDA";"PCdoB";"BA";"5830345";"2011.0";"54.0";""
"ROCHA";"ROCHA";"PSDB";"AC";"5830688";"2011.0";"54.0";""
"PAULO TEIXEIRA";"PAULO TEIXEIRA";"PT";"SP";"5830635";"2011.0";"54.0";""
"BONIFÁCIO DE ANDRADA";"BONIFÁCIO DE ANDRADA";"PSDB";"MG";"5830755";"2011.0";"54.0";""
"ARNALDO FARIA DE SÁ";"ARNALDO FARIA DE SÁ";"PTB";"SP";"5830487";"2011.0";"54.0";""
"HÉLIO LEITE";"HÉLIO LEITE";"DEM";"PA";"5830299";"2011.0";"54.0";""
"JHC";"JHC";"SD";"AL";"5830555";"2011.0";"54.0";""
"PEDRO PAULO";"PEDRO PAULO";"PMDB";"RJ";"122158";"2011.0";"54.0";""
"BRUNO ARAÚJO";"BRUNO ARAÚJO";"PSDB";"PE";"5830294";"2011.0";"54.0";""
"NILMÁRIO MIRANDA";"NILMÁRIO MIRANDA";"PT";"MG";"74751";"2011.0";"54.0";""
"CLAUDIO CAJADO";"CLAUDIO CAJADO";"DEM";"BA";"5830679";"2011.0";"54.0";""
"MAURO PEREIRA";"MAURO PEREIRA";"PMDB";"RS";"5830831";"2011.0";"54.0";""
"LEOPOLDO MEYER";"LEOPOLDO MEYER";"PSB";"PR";"5830499";"2011.0";"54.0";""
"RONEY NEMER";"RONEY NEMER";"PMDB";"DF";"5830310";"2011.0";"54.0";""
"FLAVINHO";"FLAVINHO";"PSB";"SP";"5830493";"2011.0";"54.0";""
"MARCELO SQUASSONI";"MARCELO SQUASSONI";"PRB";"SP";"5830594";"2011.0";"54.0";""
"JOSUÉ BENGTSON";"JOSUÉ BENGTSON";"PTB";"PA";"5830632";"2011.0";"54.0";""
"ALEXANDRE SERFIOTIS";"ALEXANDRE SERFIOTIS";"PSD";"RJ";"5830747";"2011.0";"54.0";""
"GIOVANI CHERINI";"GIOVANI CHERINI";"PDT";"RS";"5830766";"2011.0";"54.0";""
"BRUNNY";"BRUNNY";"PTC";"MG";"5830695";"2011.0";"54.0";""
"FELIPE MAIA";"FELIPE MAIA";"DEM";"RN";"5830330";"2011.0";"54.0";""
"EVAIR DE MELO";"EVAIR DE MELO";"PV";"ES";"5830535";"2011.0";"54.0";""
"DOMINGOS SÁVIO";"DOMINGOS SÁVIO";"PSDB";"MG";"5830599";"2011.0";"54.0";""
"LUIS CARLOS HEINZE";"LUIS CARLOS HEINZE";"PP";"RS";"5830770";"2011.0";"54.0";""
"TENENTE LÚCIO";"TENENTE LÚCIO";"PSB";"MG";"5830759";"2011.0";"54.0";""
"POMPEO DE MATTOS";"POMPEO DE MATTOS";"PDT";"RS";"5830627";"2011.0";"54.0";""
"DÂMINA PEREIRA";"DÂMINA PEREIRA";"PMN";"MG";"5830705";"2011.0";"54.0";""
"FELIPE CARRERAS";"FELIPE CARRERAS";"PSB";"";"4592700c42433ba5f1f130e7e272fac8";"";"";""
"HEULER CRUVINEL";"HEULER CRUVINEL";"PSD";"GO";"5830638";"2011.0";"54.0";""
"FABIANO HORTA";"FABIANO HORTA";"PT";"";"ecfeecb0ec069c4b2179d8ee8c5a0234";"";"";""
"AUGUSTO CARVALHO";"AUGUSTO CARVALHO";"SD";"DF";"5830433";"2011.0";"54.0";""
"MAURO LOPES";"MAURO LOPES";"PMDB";"MG";"5830615";"2011.0";"54.0";""
"ROBERTO BRITTO";"ROBERTO BRITTO";"PP";"BA";"5830608";"2011.0";"54.0";""
"MARCELO ÁLVARO ANTÔNIO";"MARCELO ÁLVARO ANTÔNIO";"PRP";"MG";"5830404";"2011.0";"54.0";""
"FABIO REIS";"FABIO REIS";"PMDB";"SE";"5830680";"2011.0";"54.0";""
"RONALDO MARTINS";"RONALDO MARTINS";"PRB";"CE";"5830437";"2011.0";"54.0";""
"MAX FILHO";"MAX FILHO";"PSDB";"ES";"5830483";"2011.0";"54.0";""
"LOBBE NETO";"LOBBE NETO";"PSDB";"SP";"5830804";"2011.0";"54.0";""
"PAULO PEREIRA DA SILVA";"PAULO PEREIRA DA SILVA";"SD";"SP";"5830369";"2011.0";"54.0";""
"ADAIL CARNEIRO";"ADAIL CARNEIRO";"PHS";"CE";"5830601";"2011.0";"54.0";""
"MÁRIO HERINGER";"MÁRIO HERINGER";"PDT";"MG";"5830467";"2011.0";"54.0";""
"SIBÁ MACHADO";"SIBÁ MACHADO";"PT";"AC";"5830795";"2011.0";"54.0";""
"ARNON BEZERRA";"ARNON BEZERRA";"PTB";"CE";"5830664";"2011.0";"54.0";""
"HEITOR SCHUCH";"HEITOR SCHUCH";"PSB";"RS";"5830703";"2011.0";"54.0";""
"LUIZ FERNANDO FARIA";"LUIZ FERNANDO FARIA";"PP";"MG";"5830610";"2011.0";"54.0";""
"RODRIGO GARCIA";"RODRIGO GARCIA";"DEM";"SP";"88950";"2011.0";"54.0";""
"JOÃO GUALBERTO";"JOÃO GUALBERTO";"PSDB";"BA";"5830693";"2011.0";"54.0";""
"PASTOR EURICO";"PASTOR EURICO";"PSB";"PE";"5830387";"2011.0";"54.0";""
"MARCELO BELINATI";"MARCELO BELINATI";"PP";"PR";"5830581";"2011.0";"54.0";""
"HIRAN GONÇALVES";"HIRAN GONÇALVES";"PMN";"RR";"5830646";"2011.0";"54.0";""
"AROLDE DE OLIVEIRA";"AROLDE DE OLIVEIRA";"DEM";"RJ";"74833";"2011.0";"54.0";""
"BRUNO COVAS";"BRUNO COVAS";"PSDB";"SP";"5830738";"2011.0";"54.0";""
"JOSÉ ROCHA";"JOSÉ ROCHA";"PR";"BA";"5830789";"2011.0";"54.0";""
"FELIPE BORNIER";"FELIPE BORNIER";"PSD";"RJ";"5830600";"2011.0";"54.0";""
"GIUSEPPE VECCI";"GIUSEPPE VECCI";"PSDB";"GO";"5830559";"2011.0";"54.0";""
"SÓSTENES CAVALCANTE";"SÓSTENES CAVALCANTE";"PSD";"RJ";"5830563";"2011.0";"54.0";""
"JOVAIR ARANTES";"JOVAIR ARANTES";"PTB";"GO";"5830361";"2011.0";"54.0";""
"ARNALDO JORDY";"ARNALDO JORDY";"PPS";"PA";"5830744";"2011.0";"54.0";""
"REGINALDO LOPES";"REGINALDO LOPES";"PT";"MG";"5830494";"2011.0";"54.0";""
"CELSO JACOB";"CELSO JACOB";"PMDB";"RJ";"5830828";"2011.0";"54.0";""
"RICARDO IZAR";"RICARDO IZAR";"PSD";"SP";"5830479";"2011.0";"54.0";""
"LUIZ LAURO FILHO";"LUIZ LAURO FILHO";"PSB";"SP";"5830696";"2011.0";"54.0";""
"MARINALDO ROSENDO";"MARINALDO ROSENDO";"PSB";"PE";"5830476";"2011.0";"54.0";""
"JOSÉ AIRTON CIRILO";"JOSÉ AIRTON CIRILO";"PT";"CE";"5830501";"2011.0";"54.0";""
"JOSÉ CARLOS ARAÚJO";"JOSÉ CARLOS ARAÚJO";"PSD";"BA";"5830760";"2011.0";"54.0";""
"ALEX CANZIANI";"ALEX CANZIANI";"PTB";"PR";"5830426";"2011.0";"54.0";""
"RONALDO NOGUEIRA";"RONALDO NOGUEIRA";"PTB";"RS";"5830723";"2011.0";"54.0";""
"JOSÉ CARLOS ALELUIA";"JOSÉ CARLOS ALELUIA";"DEM";"BA";"5830579";"2011.0";"54.0";""
"VALMIR PRASCIDELLI";"VALMIR PRASCIDELLI";"PT";"SP";"5830355";"2011.0";"54.0";""
"ROBERTO GÓES";"ROBERTO GÓES";"PDT";"AP";"5830334";"2011.0";"54.0";""
"ADILTON SACHETTI";"ADILTON SACHETTI";"PSB";"MT";"5830628";"2011.0";"54.0";""
"CESAR SOUZA";"CESAR SOUZA";"PSD";"SC";"5830492";"2011.0";"54.0";""
"WALTER ALVES";"WALTER ALVES";"PMDB";"RN";"5830419";"2011.0";"54.0";""
"ANDRÉ ABDON";"ANDRÉ ABDON";"PRB";"AP";"5830650";"2011.0";"54.0";""
"VANDER LOUBET";"VANDER LOUBET";"PT";"MS";"5830534";"2011.0";"54.0";""
"GIACOBO";"GIACOBO";"PR";"PR";"5830713";"2011.0";"54.0";""
"AELTON FREITAS";"AELTON FREITAS";"PR";"MG";"5830322";"2011.0";"54.0";""
"IVAN VALENTE";"IVAN VALENTE";"PSOL";"SP";"5830668";"2011.0";"54.0";""
"ADELMO CARNEIRO LEÃO";"ADELMO CARNEIRO LEÃO";"PT";"MG";"5830314";"2011.0";"54.0";""
"JOSÉ NUNES";"JOSÉ NUNES";"PSD";"BA";"5830570";"2011.0";"54.0";""
"LUIZ CARLOS BUSATO";"LUIZ CARLOS BUSATO";"PTB";"RS";"5830598";"2011.0";"54.0";""
"ANTÔNIO JÁCOME";"ANTÔNIO JÁCOME";"PMN";"RN";"5830587";"2011.0";"54.0";""
"ANTONIO CARLOS MENDES THAME";"ANTONIO CARLOS MENDES THAME";"PSDB";"SP";"5830802";"2011.0";"54.0";""
"FLAVIANO MELO";"FLAVIANO MELO";"PMDB";"AC";"5830742";"2011.0";"54.0";""
"ZECA DO PT";"ZECA DO PT";"PT";"MS";"5830424";"2011.0";"54.0";""
"PAULÃO";"PAULÃO";"PT";"AL";"5830375";"2011.0";"54.0";""
"FAUSTO PINATO";"FAUSTO PINATO";"PRB";"SP";"5830338";"2011.0";"54.0";""
"IZALCI";"IZALCI";"PSDB";"DF";"5830526";"2011.0";"54.0";""
"MÁRCIO BIOLCHI";"MÁRCIO BIOLCHI";"PMDB";"";"381a03b2c387787c7d33af33e5e3712e";"";"";""
"FERNANDO JORDÃO";"FERNANDO JORDÃO";"PMDB";"RJ";"5830642";"2011.0";"54.0";""
"MARIA DO ROSÁRIO";"MARIA DO ROSÁRIO";"PT";"RS";"5830300";"2011.0";"54.0";""
"SÉRGIO MORAES";"SÉRGIO MORAES";"PTB";"RS";"5830340";"2011.0";"54.0";""
"FÁBIO RAMALHO";"FÁBIO RAMALHO";"PV";"MG";"5830552";"2011.0";"54.0";""
"VENEZIANO VITAL DO RÊGO";"VENEZIANO VITAL DO RÊGO";"PMDB";"PB";"5830710";"2011.0";"54.0";""
"ALCEU MOREIRA";"ALCEU MOREIRA";"PMDB";"RS";"5830689";"2011.0";"54.0";""
"GUILHERME MUSSI";"GUILHERME MUSSI";"PP";"SP";"5830578";"2011.0";"54.0";""
"RÔMULO GOUVEIA";"RÔMULO GOUVEIA";"PSD";"PB";"5830776";"2011.0";"54.0";""
"CÉSAR MESSIAS";"CÉSAR MESSIAS";"PSB";"AC";"5830698";"2011.0";"54.0";""
"DANILO CABRAL";"DANILO CABRAL";"PSB";"PE";"160528";"2011.0";"54.0";""
"DANILO FORTE";"DANILO FORTE";"PMDB";"CE";"5830390";"2011.0";"54.0";""
"MARCELO CASTRO";"MARCELO CASTRO";"PMDB";"PI";"5830659";"2011.0";"54.0";""
"SHÉRIDAN";"SHÉRIDAN";"PSDB";"RR";"5830489";"2011.0";"54.0";""
"RAUL JUNGMANN";"RAUL JUNGMANN";"PPS";"PE";"5830832";"2011.0";"54.0";""
"LEÔNIDAS CRISTINO";"LEÔNIDAS CRISTINO";"PROS";"CE";"5830786";"2011.0";"54.0";""
"LUIZ NISHIMORI";"LUIZ NISHIMORI";"PR";"PR";"5830410";"2011.0";"54.0";""
"CABO SABINO";"CABO SABINO";"PR";"CE";"5830773";"2011.0";"54.0";""
"MENDONÇA FILHO";"MENDONÇA FILHO";"DEM";"PE";"5830764";"2011.0";"54.0";""
"IRACEMA PORTELLA";"IRACEMA PORTELLA";"PP";"PI";"5830389";"2011.0";"54.0";""
"JAIR BOLSONARO";"JAIR BOLSONARO";"PP";"RJ";"5830721";"2011.0";"54.0";""
"BILAC PINTO";"BILAC PINTO";"PR";"MG";"5830796";"2011.0";"54.0";""
"ALEXANDRE LEITE";"ALEXANDRE LEITE";"DEM";"SP";"5830381";"2011.0";"54.0";""
"JOSÉ OTÁVIO GERMANO";"JOSÉ OTÁVIO GERMANO";"PP";"RS";"5830798";"2011.0";"54.0";""
"LEONARDO PICCIANI";"LEONARDO PICCIANI";"PMDB";"RJ";"5830339";"2011.0";"54.0";""
"JOSI NUNES";"JOSI NUNES";"PMDB";"TO";"5830528";"2011.0";"54.0";""
"ELCIONE BARBALHO";"ELCIONE BARBALHO";"PMDB";"PA";"5830325";"2011.0";"54.0";""
"VALDIR COLATTO";"VALDIR COLATTO";"PMDB";"SC";"5830406";"2011.0";"54.0";""
"BENJAMIN MARANHÃO";"BENJAMIN MARANHÃO";"SD";"PB";"5830769";"2011.0";"54.0";""
"EFRAIM FILHO";"EFRAIM FILHO";"DEM";"PB";"5830519";"2011.0";"54.0";""
"CABUÇU BORGES";"CABUÇU BORGES";"PMDB";"AP";"5830572";"2011.0";"54.0";""
"KAIO MANIÇOBA";"KAIO MANIÇOBA";"PHS";"PE";"5830758";"2011.0";"54.0";""
"PAULO ABI-ACKEL";"PAULO ABI-ACKEL";"PSDB";"MG";"5830616";"2011.0";"54.0";""
"LUCIANO DUCCI";"LUCIANO DUCCI";"PSB";"PR";"5830407";"2011.0";"54.0";""
"ANDRES SANCHEZ";"ANDRES SANCHEZ";"PT";"SP";"5830481";"2011.0";"54.0";""
"ALFREDO NASCIMENTO";"ALFREDO NASCIMENTO";"PR";"AM";"5830771";"2011.0";"54.0";""
"ARTHUR VIRGÍLIO BISNETO";"ARTHUR VIRGÍLIO BISNETO";"PSDB";"AM";"5830441";"2011.0";"54.0";""
"VALTENIR PEREIRA";"VALTENIR PEREIRA";"PROS";"MT";"5830648";"2011.0";"54.0";""
"ALTINEU CÔRTES";"ALTINEU CÔRTES";"PR";"RJ";"5830582";"2011.0";"54.0";""
"MARCUS PESTANA";"MARCUS PESTANA";"PSDB";"MG";"5830743";"2011.0";"54.0";""
"JEFFERSON CAMPOS";"JEFFERSON CAMPOS";"PSD";"SP";"5830439";"2011.0";"54.0";""
"CAIO NARCIO";"CAIO NARCIO";"PSDB";"MG";"5830543";"2011.0";"54.0";""
"PAULO FREIRE";"PAULO FREIRE";"PR";"SP";"5830701";"2011.0";"54.0";""
"MARIANA CARVALHO";"MARIANA CARVALHO";"PSDB";"RO";"5830624";"2011.0";"54.0";""
"RONALDO FONSECA";"RONALDO FONSECA";"PROS";"DF";"5830488";"2011.0";"54.0";""
"FERNANDO TORRES";"FERNANDO TORRES";"PSD";"BA";"5830806";"2011.0";"54.0";""
"JORGE BOEIRA";"JORGE BOEIRA";"PP";"SC";"5830500";"2011.0";"54.0";""
"LEANDRE";"LEANDRE";"PV";"PR";"5830676";"2011.0";"54.0";""
"CLARISSA GAROTINHO";"CLARISSA GAROTINHO";"PR";"RJ";"5830658";"2011.0";"54.0";""
"REJANE DIAS";"REJANE DIAS";"PT";"";"93cd128f58f438e2b8fc15c2505caa7f";"";"";""
"CELSO MALDANER";"CELSO MALDANER";"PMDB";"SC";"5830413";"2011.0";"54.0";""
"DR. SINVAL MALHEIROS";"DR. SINVAL MALHEIROS";"PV";"SP";"5830623";"2011.0";"54.0";""
"CARLOS BEZERRA";"CARLOS BEZERRA";"PMDB";"MT";"5830791";"2011.0";"54.0";""
"NELSON MEURER";"NELSON MEURER";"PP";"PR";"5830544";"2011.0";"54.0";""
"SILAS FREIRE";"SILAS FREIRE";"PR";"PI";"5830836";"2011.0";"54.0";""
"MARIA HELENA";"MARIA HELENA";"PSB";"RR";"5830765";"2011.0";"54.0";""
"BENITO GAMA";"BENITO GAMA";"PTB";"BA";"5830741";"2011.0";"54.0";""
"EXPEDITO NETTO";"EXPEDITO NETTO";"SD";"RO";"5830550";"2011.0";"54.0";""
"VICENTINHO JÚNIOR";"VICENTINHO JÚNIOR";"PSB";"TO";"5830708";"2011.0";"54.0";""
"MIRO TEIXEIRA";"MIRO TEIXEIRA";"PROS";"RJ";"5830684";"2011.0";"54.0";""
"MARCOS SOARES";"MARCOS SOARES";"PR";"RJ";"5830328";"2011.0";"54.0";""
"JOÃO PAULO PAPA";"JOÃO PAULO PAPA";"PSDB";"SP";"5830586";"2011.0";"54.0";""
"GERALDO RESENDE";"GERALDO RESENDE";"PMDB";"MS";"5830512";"2011.0";"54.0";""
"TADEU ALENCAR";"TADEU ALENCAR";"PSB";"PE";"5830425";"2011.0";"54.0";""
"RENATA ABREU";"RENATA ABREU";"PTN";"SP";"5830772";"2011.0";"54.0";""
"FLÁVIA MORAIS";"FLÁVIA MORAIS";"PDT";"GO";"5830778";"2011.0";"54.0";""
"CRISTIANE BRASIL";"CRISTIANE BRASIL";"PTB";"RJ";"5830347";"2011.0";"54.0";""
"PAULO FOLETTO";"PAULO FOLETTO";"PSB";"ES";"5830457";"2011.0";"54.0";""
"CARLOS ANDRADE";"CARLOS ANDRADE";"PHS";"RR";"5830456";"2011.0";"54.0";""
"MOEMA GRAMACHO";"MOEMA GRAMACHO";"PT";"BA";"5830663";"2011.0";"54.0";""
"KEIKO OTA";"KEIKO OTA";"PSB";"SP";"5830730";"2011.0";"54.0";""
"ZÉ SILVA";"ZÉ SILVA";"SD";"MG";"5830504";"2011.0";"54.0";""
"SILVIO TORRES";"SILVIO TORRES";"PSDB";"SP";"5830704";"2011.0";"54.0";""
"EDIO LOPES";"EDIO LOPES";"PMDB";"RR";"5830686";"2011.0";"54.0";""
"IRMÃO LAZARO";"IRMÃO LAZARO";"PSC";"BA";"5830324";"2011.0";"54.0";""
"PEDRO FERNANDES";"PEDRO FERNANDES";"PTB";"MA";"5830633";"2011.0";"54.0";""
"DEOCLIDES MACEDO";"DEOCLIDES MACEDO";"PDT";"";"0092c182488f0facaa6d24206b747bf7";"";"";""
"MARA GABRILLI";"MARA GABRILLI";"PSDB";"SP";"5830398";"2011.0";"54.0";""
"CARLOS GOMES";"CARLOS GOMES";"PRB";"RS";"5830302";"2011.0";"54.0";""
"ROBERTO SALES";"ROBERTO SALES";"PRB";"RJ";"5830540";"2011.0";"54.0";""
"HISSA ABRAHÃO";"HISSA ABRAHÃO";"PPS";"AM";"5830728";"2011.0";"54.0";""
"MÁRCIO MARINHO";"MÁRCIO MARINHO";"PRB";"BA";"5830454";"2011.0";"54.0";""
"MOSES RODRIGUES";"MOSES RODRIGUES";"PPS";"CE";"5830667";"2011.0";"54.0";""
"AGUINALDO RIBEIRO";"AGUINALDO RIBEIRO";"PP";"PB";"5830568";"2011.0";"54.0";""
"MISSIONÁRIO JOSÉ OLIMPIO";"MISSIONÁRIO JOSÉ OLIMPIO";"PP";"SP";"5830782";"2011.0";"54.0";""
"JERÔNIMO GOERGEN";"JERÔNIMO GOERGEN";"PP";"RS";"5830478";"2011.0";"54.0";""
"MACEDO";"MACEDO";"PSL";"CE";"5830605";"2011.0";"54.0";""
"ASSIS DO COUTO";"ASSIS DO COUTO";"PT";"PR";"5830386";"2011.0";"54.0";""
"LUIZ CARLOS HAULY";"LUIZ CARLOS HAULY";"PSDB";"PR";"5830316";"2011.0";"54.0";""
"LUIZA ERUNDINA";"LUIZA ERUNDINA";"PSB";"SP";"5830288";"2011.0";"54.0";""
"JOÃO PAULO KLEINÜBING";"JOÃO PAULO KLEINÜBING";"PSD";"";"597cef28ffda89864bf8017e99c1cfed";"";"";""
"SÉRGIO REIS";"SÉRGIO REIS";"PRB";"SP";"5830603";"2011.0";"54.0";""
"PEDRO CHAVES";"PEDRO CHAVES";"PMDB";"GO";"5830691";"2011.0";"54.0";""
"ODORICO MONTEIRO";"ODORICO MONTEIRO";"PT";"CE";"5830301";"2011.0";"54.0";""
"CÉSAR HALUM";"CÉSAR HALUM";"PRB";"TO";"5830525";"2011.0";"54.0";""
"JANDIRA FEGHALI";"JANDIRA FEGHALI";"PCdoB";"RJ";"5830367";"2011.0";"54.0";""
"PR. MARCO FELICIANO";"PR. MARCO FELICIANO";"PSC";"SP";"5830379";"2011.0";"54.0";""
"IRAJÁ ABREU";"IRAJÁ ABREU";"PSD";"TO";"5830444";"2011.0";"54.0";""
"PEDRO CUNHA LIMA";"PEDRO CUNHA LIMA";"PSDB";"PB";"5830538";"2011.0";"54.0";""
"OSMAR TERRA";"OSMAR TERRA";"PMDB";"RS";"5830557";"2011.0";"54.0";""
"SILVIO COSTA";"SILVIO COSTA";"PSC";"PE";"5830641";"2011.0";"54.0";""
"CLEBER VERDE";"CLEBER VERDE";"PRB";"MA";"5830455";"2011.0";"54.0";""
"GIVALDO CARIMBÃO";"GIVALDO CARIMBÃO";"PROS";"AL";"5830400";"2011.0";"54.0";""
"AUREO";"AUREO";"SD";"RJ";"5830465";"2011.0";"54.0";""
"ELI CORRÊA FILHO";"ELI CORRÊA FILHO";"DEM";"SP";"5830750";"2011";"54";""
