"ID_VOTACAO";"DATA";"HORA";"ORIENTACAO_GOVERNO";"TIPO";"NUMERO";"ANO";"EMENTA";"O_QUE_FOI_VOTADO";"LINGUAGEM_COMUM"
"342d752c42529f646a951a08e0f037eb";"150423";"13:45:00";"Não";"PL";"2505";"2000";"Determina que o material apreendido pela Polícia Federal, fruto de contrabando e que possa vir a ser usado no combate ao crime, deverá ser repassado às Secretarias de Segurança Pública Estaduais e à Polícia Federal.";"Aprovada a Emenda de Plenário nº 6. Sim: 232; não: 122; abstenção: 2; total: 356.";""
"fe8a04772270b93e094c8281ad8fca70";"150408";"16:57:00";"Não existe";"PL";"4330";"2004";"Dispõe sobre os contratos de terceirização e as relações de trabalho deles decorrentes.";"Rejeitado o Requerimento. Sim: 79; não: 196; total: 275.";""
"fdb30583a9c709defa839c355b0d9886";"150408";"20:49:00";"Não";"PL";"4330";"2004";"Dispõe sobre os contratos de terceirização e as relações de trabalho deles decorrentes.";"Aprovada a Subemenda Substitutiva Global oferecida pelo Relator da Comissão de Constituição e Justiça e de Cidadania às Emendas de Plenário e ao Projeto de Lei nº 4.330 de 2004, ressalvados os destaques. Sim: 324; não: 137; abstenção: 2; total: 463.";""
"5207a68897a322565c668a6c222e437c";"150414";"17:41:00";"Liberado";"PL";"4330";"2004";"Dispõe sobre os contratos de terceirização e as relações de trabalho deles decorrentes.";"Suprimido o texto. Sim: 47; não: 360; abstenção: 4; total: 411.";""
"145460fa8cd0d3c70d8a9c4b862e9f2d";"150422";"19:27:00";"Não";"PL";"4330";"2004";"Dispõe sobre os contratos de terceirização e as relações de trabalho deles decorrentes.";"";""
"d1f4f4b17df5cb9524039de6bbdfb2d5";"150422";"21:29:00";"Liberado";"PL";"4330";"2004";"Dispõe sobre os contratos de terceirização e as relações de trabalho deles decorrentes.";"Aprovada a Emenda Aglutinativa nº 18. Sim: 257; não: 38; abstenção: 33; total: 328.";""
"6bfc669b1a7217b30c27591d8bbb90fa";"150304";"20:33:00";"Liberado";"PEC";"457";"2005";"Altera o art. 40 da Constituição Federal, relativo ao limite de idade para a aposentadoria compulsória do servidor público em geral, e acrescenta dispositivo ao Ato das Disposições Constitucionais Transitórias.";"Aprovado o Requerimento. Sim: 278; não: 59; abstenção: 9; total: 346.";""
"28e68341520cb8a5a9afae0584c88129";"150304";"21:00:00";"Liberado";"PEC";"457";"2005";"Altera o art. 40 da Constituição Federal, relativo ao limite de idade para a aposentadoria compulsória do servidor público em geral, e acrescenta dispositivo ao Ato das Disposições Constitucionais Transitórias.";"Rejeitadas as Emendas de nºs 1 a 11 apresentadas à Proposta de Emenda à Constituição nº 457 de 2005, com parecer pela aprovação. Sim: 18; não: 319; abstenção: 9; total: 346.";""
"ea7343e61462f7a8875d907d6a5005f4";"150304";"21:17:00";"Liberado";"PEC";"457";"2005";"Altera o art. 40 da Constituição Federal, relativo ao limite de idade para a aposentadoria compulsória do servidor público em geral, e acrescenta dispositivo ao Ato das Disposições Constitucionais Transitórias.";"Aprovada, em primeiro turno, a Proposta de Emenda à Constituição nº 457 de 2005. Sim: 318; não: 131; abstenção: 10; total: 459. DCD de 05/03/15, PÁG 234 COL 01.";""
"e822446fffe5eabd0b1549159a16171d";"150505";"21:01:00";"Liberado";"PEC";"457";"2005";"Altera o art. 40 da Constituição Federal, relativo ao limite de idade para a aposentadoria compulsória do servidor público em geral, e acrescenta dispositivo ao Ato das Disposições Constitucionais Transitórias.";"Aprovado o Requerimento. Sim: 380; não: 51; abstenção: 3; total: 434.";""
"8e5b329b92fd0d765780a4e1a4825a69";"150505";"22:35:00";"Liberado";"PEC";"457";"2005";"Altera o art. 40 da Constituição Federal, relativo ao limite de idade para a aposentadoria compulsória do servidor público em geral, e acrescenta dispositivo ao Ato das Disposições Constitucionais Transitórias.";"Aprovada, em segundo turno, a Proposta de Emenda à Constituição nº 457 de 2005, ressalvado o destaque. Sim: 333; não: 144; abstenção: 10; total: 487.";""
"6a38f3ba7309ec55ebfe952d779b365a";"150505";"23:13:00";"Liberado";"PEC";"457";"2005";"Altera o art. 40 da Constituição Federal, relativo ao limite de idade para a aposentadoria compulsória do servidor público em geral, e acrescenta dispositivo ao Ato das Disposições Constitucionais Transitórias.";"Mantido o texto destacado. Sim: 350; não: 125; abstenção: 10; total: 485.";""
"327539f005dbda3fe0fc058029b820d7";"150310";"21:09:00";"Sim";"PEC";"590";"2006";"Dá nova redação ao § 1º do art. 58 da Constituição Federal, para garantir a representação proporcional de cada sexo na composição das Mesas e Comissões do Congresso Nacional, da Câmara dos Deputados e do Senado Federal.";"Aprovada, em primeiro turno, a Proposta de Emenda à Constituição nº 590 de 2006. Sim: 452; não: 2; total: 454.";""
"74c7ed71ae47dac17f13f4da525a703f";"150324";"21:51:00";"Sim";"PEC";"590";"2006";"Dá nova redação ao § 1º do art. 58 da Constituição Federal, para garantir a representação proporcional de cada sexo na composição das Mesas e Comissões do Congresso Nacional, da Câmara dos Deputados e do Senado Federal.";"Aprovada, em segundo turno, a Proposta de Emenda à Constituição nº 590 de 2006. Sim: 441; não: 5; abstenção: 2; total: 448.";""
"f98671ef28eed107b797d44c2e4b1a73";"150305";"18:41:00";"Sim";"PL";"7699";"2006";"Institui a Lei Brasileira da Inclusão da Pessoa com Deficiência; altera as Leis nºs 4.737, de 15 de julho de 1965, 7.853, de 24 de outubro de 1989, 8.036, de 11 de maio de 1990, 8.078, de 11 de setembro de 1990, 8.213, de 24 de julho de 1991, 8.313, de 23 de dezembro de 1991, 8.429, de 2 de junho de 1992, 8.666, de 21 de junho de 1993, 8.742, de 7 de dezembro de 1993, 8.989, de 24 de fevereiro de 1995, 9.029, de 13 de abril de 1995, 9.250, de 26 de dezembro de 1995,  9.503, de 23 de setembro de 1997, 9.615, de 24 de março de 1998, 10.048, de 8 de novembro de 2000, 10.098, de 19 de dezembro de 2000, 10.257, de 10 de julho de 2001, 10.406, de 10 de janeiro de 2002, 11.126, de 27 de junho de 2005, 11.904, de 14 de janeiro de 2009, e 12.587, de 3 de janeiro de 2012, e a Consolidação das Leis do Trabalho - CLT, aprovada pelo Decreto-Lei nº 5.452, de 1º de maio de 1943; e revoga dispositivo da Lei nº 9.008, de 21 de março de 1995.";"Em razão do resultado proclamado pela Mesa: 'Suprimido o texto' (em processo simbólico), foi solicitada a verificação da votação pelos Deputados Erika Kokay, na qualidade de Líder do PT; Carmen Zanotto, na qualidade de Líder do PPS; Jovair Arantes, Líder do PTB; Jean Wyllys, na qualidade de Líder do PSOL; e Sarney Filho, Líder do PV, passando-se à sua votação pelo processo nominal.";""
"59cabd58cd300fbe42913a15d09ec69b";"150305";"18:41:00";"Sim";"PL";"7699";"2006";"Institui a Lei Brasileira da Inclusão da Pessoa com Deficiência; altera as Leis nºs 4.737, de 15 de julho de 1965, 7.853, de 24 de outubro de 1989, 8.036, de 11 de maio de 1990, 8.078, de 11 de setembro de 1990, 8.213, de 24 de julho de 1991, 8.313, de 23 de dezembro de 1991, 8.429, de 2 de junho de 1992, 8.666, de 21 de junho de 1993, 8.742, de 7 de dezembro de 1993, 8.989, de 24 de fevereiro de 1995, 9.029, de 13 de abril de 1995, 9.250, de 26 de dezembro de 1995,  9.503, de 23 de setembro de 1997, 9.615, de 24 de março de 1998, 10.048, de 8 de novembro de 2000, 10.098, de 19 de dezembro de 2000, 10.257, de 10 de julho de 2001, 10.406, de 10 de janeiro de 2002, 11.126, de 27 de junho de 2005, 11.904, de 14 de janeiro de 2009, e 12.587, de 3 de janeiro de 2012, e a Consolidação das Leis do Trabalho - CLT, aprovada pelo Decreto-Lei nº 5.452, de 1º de maio de 1943; e revoga dispositivo da Lei nº 9.008, de 21 de março de 1995.";"Mantido o inciso destacado. Sim: 188; não: 174; abstenção: 6; total: 368.";""
"14ddf561122546e8f4c8f8226f28087e";"150325";"22:21:00";"Sim";"PL";"789";"2007";"Altera a Lei nº 8.069, de 13 de julho de 1990, a fim de tipificar como crime o emprego de criança e adolescente para a realização dos delitos que menciona.";"Aprovado o destaque de preferência. Sim: 375; não: 5; abstenção: 2; total: 382.";""
"68ddeb5bda70c75c3d282303f8a21c00";"150225";"20:38:00";"Não existe";"PL";"2211";"2007";"Dispõe sobre a perda do mandato parlamentar em casos de desfiliação ou infidelidade partidária.";"Rejeitado o Requerimento. Sim: 30; não: 328; total: 358.";""
"c797f08eb0290e34e34eb4ff6a166301";"150526";"18:19:00";"Liberado";"PEC";"182";"2007";"Altera os arts. 17, 46 e 55 da Constituição Federal, para assegurar aos partidos políticos a titularidade dos mandatos parlamentares e estabelecer a perda dos mandatos dos membros do Poder Legislativo e do Poder Executivo que se desfiliarem dos partidos pelos quais forem eleitos.";"Rejeitada a Emenda Aglutinativa nº 4. Sim: 21; não: 402; abstenção: 2; total: 425.";""
"ea11891202a7d32c92937229ce9b2815";"150526";"19:21:00";"Não existe";"PEC";"182";"2007";"Altera os arts. 17, 46 e 55 da Constituição Federal, para assegurar aos partidos políticos a titularidade dos mandatos parlamentares e estabelecer a perda dos mandatos dos membros do Poder Legislativo e do Poder Executivo que se desfiliarem dos partidos pelos quais forem eleitos.";"Rejeitada a Emenda Aglutinativa nº 2. Sim: 99; não: 369; abstenção: 2; total: 470.";""
"7f4fa9265cb63210d39470bcd6691dd0";"150526";"21:49:00";"Liberado";"PEC";"182";"2007";"Altera os arts. 17, 46 e 55 da Constituição Federal, para assegurar aos partidos políticos a titularidade dos mandatos parlamentares e estabelecer a perda dos mandatos dos membros do Poder Legislativo e do Poder Executivo que se desfiliarem dos partidos pelos quais forem eleitos.";"Rejeitado o artigo 1º do Substitutivo. Sim: 210; não: 267; abstenção: 5; total: 482.";""
"c54e978a0eaec19c766f6d1dbb7b2558";"150526";"23:53:00";"Não existe";"PEC";"182";"2007";"Altera os arts. 17, 46 e 55 da Constituição Federal, para assegurar aos partidos políticos a titularidade dos mandatos parlamentares e estabelecer a perda dos mandatos dos membros do Poder Legislativo e do Poder Executivo que se desfiliarem dos partidos pelos quais forem eleitos.";"Votação da Emenda Aglutinativa nº 22.";""
"b70cb6c3247b81e7e0b10566bbb702df";"150527";"19:21:00";"Não existe";"PEC";"182";"2007";"Altera os arts. 17, 46 e 55 da Constituição Federal, para assegurar aos partidos políticos a titularidade dos mandatos parlamentares e estabelecer a perda dos mandatos dos membros do Poder Legislativo e do Poder Executivo que se desfiliarem dos partidos pelos quais forem eleitos.";"";""
"ba3f5bace4f662fc6872230f1c199b79";"150527";"20:09:00";"Não existe";"PEC";"182";"2007";"Altera os arts. 17, 46 e 55 da Constituição Federal, para assegurar aos partidos políticos a titularidade dos mandatos parlamentares e estabelecer a perda dos mandatos dos membros do Poder Legislativo e do Poder Executivo que se desfiliarem dos partidos pelos quais forem eleitos.";"Rejeitada a Emenda Aglutinativa nº 32. Sim: 56; não: 343; abstenção: 58; total: 457.";""
"6198758fdf939f63cdab0f99da2ea511";"150527";"21:08:00";"Não existe";"PEC";"182";"2007";"Altera os arts. 17, 46 e 55 da Constituição Federal, para assegurar aos partidos políticos a titularidade dos mandatos parlamentares e estabelecer a perda dos mandatos dos membros do Poder Legislativo e do Poder Executivo que se desfiliarem dos partidos pelos quais forem eleitos.";"";""
"f403fb2558c0234dead44b37e6756111";"150527";"23:09:00";"Não existe";"PEC";"182";"2007";"Altera os arts. 17, 46 e 55 da Constituição Federal, para assegurar aos partidos políticos a titularidade dos mandatos parlamentares e estabelecer a perda dos mandatos dos membros do Poder Legislativo e do Poder Executivo que se desfiliarem dos partidos pelos quais forem eleitos.";"Aprovado o art. 3º do Substitutivo oferecido pelo Relator da Comissão Especial. Sim: 452; não: 19; abstenção: 1; total: 472.";""
"61649d4c89896e3eda7ad5c83246f3d2";"150528";"15:29:00";"Não existe";"PEC";"182";"2007";"Altera os arts. 17, 46 e 55 da Constituição Federal, para assegurar aos partidos políticos a titularidade dos mandatos parlamentares e estabelecer a perda dos mandatos dos membros do Poder Legislativo e do Poder Executivo que se desfiliarem dos partidos pelos quais forem eleitos.";"Rejeitado o requerimento de destaque de preferência. Sim: 38; não: 219; total: 257.";""
"6774e7fe59144574a995bf58da02ec37";"150528";"17:16:00";"Liberado";"PEC";"182";"2007";"Altera os arts. 17, 46 e 55 da Constituição Federal, para assegurar aos partidos políticos a titularidade dos mandatos parlamentares e estabelecer a perda dos mandatos dos membros do Poder Legislativo e do Poder Executivo que se desfiliarem dos partidos pelos quais forem eleitos.";"Rejeitado o artigo destacado. Sim: 206; não: 236; abstenção: 5; total: 447.";""
"848eff37393df690ddc50f02195abae3";"150528";"18:29:00";"Liberado";"PEC";"182";"2007";"Altera os arts. 17, 46 e 55 da Constituição Federal, para assegurar aos partidos políticos a titularidade dos mandatos parlamentares e estabelecer a perda dos mandatos dos membros do Poder Legislativo e do Poder Executivo que se desfiliarem dos partidos pelos quais forem eleitos.";"Aprovado o artigo 5º do Substitutivo oferecido pelo Relator da Comissão Especial. Sim: 369; não: 39; abstenção: 5; total: 413.";""
"f1e556b5d1e0230d76c24ef99d275581";"150326";"13:13:00";"Sim";"PL";"3131";"2008";"Altera os arts. 61, 121, 129 e 147 do Decreto-Lei nº 2.848, de 7 de dezembro de 1940 - Código Penal, e o art. 2º da Lei nº 8.072, de 25 de julho de 1990 - Lei dos Crimes Hediondos, para prever como qualificadora e circunstância que agrava a pena a hipótese de a vítima ou de o autor ser agente do Estado, no exercício de cargo ou função pública ou em decorrência da mesma.";"Aprovada a Subemenda Substitutiva Global ao Projeto de Lei  nº 846 de 2015, apensado, oferecida pelo Relator da Comissão de Constituição e Justiça e de Cidadania, ressalvados os destaques. Sim: 341; não 3; abstenção: 1; total: 345.";""
"ad6906d5e815908bca19ec0a16597576";"150325";"17:52:00";"Sim";"PL";"4148";"2008";"Altera a Lei nº 11.105, de 24 de março de 2005.";"Aprovado o Requerimento. Sim:  202; Não: 173; abstenção: 3; total: 377.";""
"145c2ccb71b5060ca9834b788535561a";"150428";"20:41:00";"Sim";"PL";"4148";"2008";"Altera a Lei nº 11.105, de 24 de março de 2005.";"Aprovada a Subemenda Substitutiva Global oferecida pelo Relator da Comissão de Desenvolvimento Econômico, Indústria e Comércio ao Projeto de Lei nº 4.148 de 2008, ressalvados os destaques. Sim: 320; não: 135; abstenção: 2; total: 457.";""
"a9ac8d5bb2180f1db7946845e58a85dd";"150331";"16:57:00";"Sim";"PL";"3481";"2012";"Altera o Decreto-Lei nº 2.848, de 7 de dezembro de 1940 - Código Penal, dispondo sobre uso de explosivos na destruição ou rompimento de obstáculo para o crime de furto e dá outras providências.";"Rejeitado o Requerimento.Sim: 85; não: 268; total: 353.";""
"35fe8a63b49b2f69a2beb1acf2100b06";"150331";"18:13:00";"Sim";"PL";"3481";"2012";"Altera o Decreto-Lei nº 2.848, de 7 de dezembro de 1940 - Código Penal, dispondo sobre uso de explosivos na destruição ou rompimento de obstáculo para o crime de furto e dá outras providências.";"Aprovado o destaque de preferência. Sim: 240; não: 153; abstenção: 1; total: 394.";""
"098152086d70e3a451dcbde78d826bf1";"150310";"18:13:00";"Sim";"PL";"3771";"2012";"Dispõe sobre a política de valorização de longo prazo do salário mínimo.";"Rejeitado o Requerimento. Sim: 170; não: 242; total: 412.";""
"3bfeef5a59b71f25e269ebad41859762";"150224";"18:43:00";"Liberado";"PLP";"177";"2012";"Estabelece normas de finanças públicas voltadas para a transparência, controle e fiscalização da execução de contratos de repasse, termos de parceria, convênios e instrumentos congêneres, celebrados entre órgãos e entidades  públicas e  as - pessoas jurídicas de direito privado sem fins lucrativos; altera a Lei Complementar nº 101, de 4 de maio de 2000, a Lei nº 8.429, de 2 de junho de 1992, o Decreto-Lei nº 2.848, de 7 de dezembro de 1940 - Código Penal, a Lei Complementar nº 64, de 18 de maio de 1990; e revoga dispositivo da Lei nº 8.666, de 21 de junho de 1993.";"Aprovado o Substitutivo adotado pela Comissão de Finanças e Tributação ao Projeto de Lei Complementar nº 177 de 2012. Sim: 442; não: 22; abstenção: 02; total: 466.";""
"721acccaf7cc7d4467c7000c87b62036";"150203";"19:17:00";"Não existe";"PEC";"197";"2012";"Altera o § 2º do art. 155 da Constituição Federal, para modificar a sistemática de cobrança do imposto sobre operações relativas à circulação de mercadorias e sobre prestações de serviços de transporte interestadual e intermunicipal e de comunicação incidente sobre as operações e prestações realizadas de forma não presencial e que destinem bens e serviços a consumidor final localizado em outro Estado.";"Aprovada, em segundo turno, a Proposta de Emenda à Constituição nº 197 de 2012. Sim: 388; não: 66 ; total: 454.";""
"2bad3fc3dcab6aea8cf8d2f334c2d545";"150211";"12:23:00";"Não";"PL";"4246";"2012";"Dispõe sobre o exercício da profissão de motorista; altera a Consolidação das Leis do Trabalho - CLT, aprovada pelo Decreto-Lei nº 5.452, de 1º de maio de 1943, e as Leis nºs 9.503, de 23 de setembro de 1997 - Código de Trânsito Brasileiro, e 11.442, de 5 de janeiro de 2007 (empresas e transportadores autônomos de carga), para disciplinar a jornada de trabalho e o tempo de direção do motorista profissional; altera a Lei nº 7.408, de 25 de novembro de 1985; revoga dispositivos da Lei nº 12.619, de 30 de abril de 2012; e dá outras providências.";"";""
"b7ff12f06e06d872c248b9fdcab18507";"150303";"17:38:00";"Sim";"REQ";"7492";"2013";"Requer, nos termos do art. 155 do Regimento Interno da Câmara dos Deputados, urgência para apreciação do Projeto de Lei nº 4.372, de 2012, do Executivo, que 'cria o Instituto Nacional de Supervisão e Avaliação da Educação Superior - INSAES, e dá outras providências'.";"Aprovado o Requerimento de Urgência (Art. 155 do RICD). Sim: 284 ; não: 53; abstenção:6 ; total: 344 . - (Ficam prejudicados os Requerimentos de n. 10.392/2014 e 512/2015, de mesmo teor).";""
"7ff749b3a86603743de85954575fd005";"150312";"17:26:00";"Sim";"PLP";"302";"2013";"Dispõe sobre o contrato de trabalho doméstico; altera as Leis nºs 8.212, de 24 de julho de 1991, 8.213, de 24 de julho de 1991, e 11.196, de 21 de novembro de 2005; e revoga o inciso I do art. 3º da Lei nº 8.009, de 29 de março de 1990, e a Lei nº 5.859, de 11 de dezembro de 1972.";"Aprovado o destaque de preferência. Sim: 190; não: 174; total: 364 (verificação de ofício).";""
"1ed0c3b0a6c840e4623970461a9d5d16";"150312";"17:39:00";"Sim";"PLP";"302";"2013";"Dispõe sobre o contrato de trabalho doméstico; altera as Leis nºs 8.212, de 24 de julho de 1991, 8.213, de 24 de julho de 1991, e 11.196, de 21 de novembro de 2005; e revoga o inciso I do art. 3º da Lei nº 8.009, de 29 de março de 1990, e a Lei nº 5.859, de 11 de dezembro de 1972.";"Aprovada a Emenda Substitutiva Global de Plenário nº 38 apresentada ao Projeto de Lei Complementar nº 302 de 2013, ressalvados os destaques. Sim: 319; não: 2; total: 321.";""
"8e9075921e0c91410d64f6964d2cc33b";"150317";"18:25:00";"Sim";"PLP";"302";"2013";"Dispõe sobre o contrato de trabalho doméstico; altera as Leis nºs 8.212, de 24 de julho de 1991, 8.213, de 24 de julho de 1991, e 11.196, de 21 de novembro de 2005; e revoga o inciso I do art. 3º da Lei nº 8.009, de 29 de março de 1990, e a Lei nº 5.859, de 11 de dezembro de 1972.";"Mantido o texto destacado. Sim: 275; não: 102; total: 377.";""
"3b61da866c70ced7ee41763f14b30f7f";"150317";"18:41:00";"Sim";"PLP";"302";"2013";"Dispõe sobre o contrato de trabalho doméstico; altera as Leis nºs 8.212, de 24 de julho de 1991, 8.213, de 24 de julho de 1991, e 11.196, de 21 de novembro de 2005; e revoga o inciso I do art. 3º da Lei nº 8.009, de 29 de março de 1990, e a Lei nº 5.859, de 11 de dezembro de 1972.";"Aprovada a Emenda nº 18. Sim: 316; não: 2; total: 318.";""
"04c89b39adc4e9409af6122a55e5cf98";"150317";"18:46:00";"Sim";"PLP";"302";"2013";"Dispõe sobre o contrato de trabalho doméstico; altera as Leis nºs 8.212, de 24 de julho de 1991, 8.213, de 24 de julho de 1991, e 11.196, de 21 de novembro de 2005; e revoga o inciso I do art. 3º da Lei nº 8.009, de 29 de março de 1990, e a Lei nº 5.859, de 11 de dezembro de 1972.";"";""
"09fefc062aca9f27798925bf189d5b70";"150317";"19:28:00";"Não";"PLP";"302";"2013";"Dispõe sobre o contrato de trabalho doméstico; altera as Leis nºs 8.212, de 24 de julho de 1991, 8.213, de 24 de julho de 1991, e 11.196, de 21 de novembro de 2005; e revoga o inciso I do art. 3º da Lei nº 8.009, de 29 de março de 1990, e a Lei nº 5.859, de 11 de dezembro de 1972.";"";""
"d81fb87ec9df00a158471173e4556fa2";"150317";"19:44:00";"Não";"PLP";"302";"2013";"Dispõe sobre o contrato de trabalho doméstico; altera as Leis nºs 8.212, de 24 de julho de 1991, 8.213, de 24 de julho de 1991, e 11.196, de 21 de novembro de 2005; e revoga o inciso I do art. 3º da Lei nº 8.009, de 29 de março de 1990, e a Lei nº 5.859, de 11 de dezembro de 1972.";"";""
"043c4680de868d0b0615f03cadfbc3f4";"150317";"19:52:00";"Sim";"PLP";"302";"2013";"Dispõe sobre o contrato de trabalho doméstico; altera as Leis nºs 8.212, de 24 de julho de 1991, 8.213, de 24 de julho de 1991, e 11.196, de 21 de novembro de 2005; e revoga o inciso I do art. 3º da Lei nº 8.009, de 29 de março de 1990, e a Lei nº 5.859, de 11 de dezembro de 1972.";"";""
"1cde2c76ccea02385e2fc9f85b3b0e38";"150407";"21:30:00";"Não";"REQ";"8530";"2013";"Requeremos, nos termos do art. 155, do Regimento Interno da Câmara dos Deputados, urgência para a tramitação do Projeto de Lei nº 4330 de 2004, de autoria do Sr. Deputado Sandro Mabel - PMDB/GO, que dispõe sobre contrato de prestação de serviço a terceiros e as relações de trabalho dele decorrentes.";"Aprovado o Requerimento de Urgência (Art. 155 do RICD). Sim: 316; não: 166; abstenção: 3; total: 485.";""
"9d1115f91ff0593ba674798ac64b2f61";"150319";"17:31:00";"Sim";"PDC";"1287";"2013";"Aprova o texto da Convenção que Estabelece a Organização Europeia para a Pesquisa Astronômica no Hemisfério Austral, cuja adesão brasileira foi assinada em Brasília, em 29 de dezembro de 2010, e os demais atos internacionais a ela anexados, que especifica.";"Rejeitado o Requerimento. Sim: 155; não: 198; abstenção: 1; total: 354.";""
"da8935ff122c4932caade6ad6c7642e2";"150203";"22:04:00";"Liberado";"PEC";"352";"2013";"Altera os arts. 14, 17, 27, 29, 45 e 121 da Constituição Federal, para tornar o voto facultativo, modificar o sistema eleitoral e de coligações, dispor sobre o financiamento de campanhas eleitorais, estabelecer cláusulas de desempenho para candidatos e partidos, prazo mínimo de filiação partidária e critérios para o registro dos estatutos do partido no Tribunal Superior Eleitoral, determinar a coincidência das eleições e a proibição da reeleição para cargos do Poder Executivo, regular as competências da Justiça Eleitoral e submeter a referendo as alterações relativas ao sistema eleitoral.";"Rejeitado o Requerimento. Sim: 22; não: 246; abstenção: 6; total: 274.";""
"a22b01fe0896eeaf04b91cbcce045df9";"150205";"12:22:00";"Não existe";"PDC";"1410";"2013";"Aprova o texto do Acordo de Cooperação Técnica entre o Governo da República Federativa do Brasil e o Governo da República da Guiné, assinado em Brasília, em 21 de novembro de 2011.";"";""
"a1f2f1f88fa67cd6b3048aeae98c8394";"150210";"20:07:00";"Sim";"PEC";"358";"2013";"Altera os arts. 165, 166 e 198 da Constituição Federal, para tornar obrigatória a execução da programação orçamentária que especifica.";"Aprovada, em segundo turno, a Proposta de Emenda à Constituição nº 358 de 2013, ressalvado o destaque. Sim: 452; não: 18; abstenção: 01; total: 471.";""
"2870bd81946a8f310f11c200b079fceb";"150210";"21:11:00";"Sim";"PEC";"358";"2013";"Altera os arts. 165, 166 e 198 da Constituição Federal, para tornar obrigatória a execução da programação orçamentária que especifica.";"Mantido o artigo destacado. Sim: 427; não: 44; total: 471.";""
"ccdd24da966933369ff82c2fd3bd09f3";"150226";"16:50:00";"Liberado";"REQ";"9909";"2014";"Requer regime de urgência na apreciação do Projeto de Lei nº 5.201, de 2013, que 'altera a Lei nº 11.345, de 14 de setembro de 2006, para modificar a destinação dos valores arrecadados no concurso de prognóstico denominado Timemania com o objetivo de torná-la mais atraente para seus apostadores e de aumentar a capacidade de pagamento das entidades desportivas quanto às suas dívidas fiscais junto à União, e dá outras providências' e apensado (PL6753/13) - PROFORTE.";"Aprovado o Requerimento de Urgência (Art. 155 do RICD). Sim: 292; não: 26; abstenção: 3; total: 321.";""
"499609edf40d27e9763f38009be0e572";"150317";"18:07:00";"Sim";"PL";"7469";"2014";"Altera a Lei nº 12.382, de 25 de fevereiro de 2011, com o objetivo de estender o prazo referente à política de valorização do salário mínimo e, consequentemente, o seu aumento real, mantendo os índices de correção vigentes.";"Aprovado o Requerimento. Sim: 268; não: 138; abstenção: 1; total: 407. (Passou-se à apreciação do PLP nº 302/2013).";""
"a7df6f06513d14c777b45d5f65e18a7c";"150318";"18:50:00";"Sim";"PL";"7469";"2014";"Altera a Lei nº 12.382, de 25 de fevereiro de 2011, com o objetivo de estender o prazo referente à política de valorização do salário mínimo e, consequentemente, o seu aumento real, mantendo os índices de correção vigentes.";"Aprovado o Requerimento. Sim: 226; não: 208; abstenção: 2; total: 436.";""
"e25095aa6ef51471681a7b4c6c91d147";"150210";"18:40:00";"Sim";"PL";"7735";"2014";"Regulamenta o inciso II do § 1º e o § 4º do art. 225 da Constituição Federal, o Artigo 1,  a alínea j do Artigo 8, a alínea c do Artigo 10, o Artigo 15 e os §§ 3º e 4º do Artigo 16 da Convenção sobre Diversidade Biológica, promulgada pelo Decreto nº 2.519, de 16 de março de 1998; dispõe sobre o acesso ao patrimônio genético, sobre a proteção e o acesso ao conhecimento tradicional associado e sobre a repartição de benefícios para conservação e uso sustentável da biodiversidade; revoga a Medida Provisória nº 2.186-16, de 23 de agosto de 2001; e dá outras providências.";"Rejeitada a Emenda nº 193. Sim: 161; não: 241; abstenção: 1; total: 403.";""
"06631cf7d908a0366abed92a1188da62";"150427";"21:31:00";"Não";"PL";"7735";"2014";"Regulamenta o inciso II do § 1º e o § 4º do art. 225 da Constituição Federal, o Artigo 1,  a alínea j do Artigo 8, a alínea c do Artigo 10, o Artigo 15 e os §§ 3º e 4º do Artigo 16 da Convenção sobre Diversidade Biológica, promulgada pelo Decreto nº 2.519, de 16 de março de 1998; dispõe sobre o acesso ao patrimônio genético, sobre a proteção e o acesso ao conhecimento tradicional associado e sobre a repartição de benefícios para conservação e uso sustentável da biodiversidade; revoga a Medida Provisória nº 2.186-16, de 23 de agosto de 2001; e dá outras providências.";"Rejeitada a Emenda nº 3. Sim: 135; não: 283; abstenções: 2; total: 420.";""
"0edde6d64db452403efef722012078cd";"150427";"22:51:00";"Liberado";"PL";"7735";"2014";"Regulamenta o inciso II do § 1º e o § 4º do art. 225 da Constituição Federal, o Artigo 1,  a alínea j do Artigo 8, a alínea c do Artigo 10, o Artigo 15 e os §§ 3º e 4º do Artigo 16 da Convenção sobre Diversidade Biológica, promulgada pelo Decreto nº 2.519, de 16 de março de 1998; dispõe sobre o acesso ao patrimônio genético, sobre a proteção e o acesso ao conhecimento tradicional associado e sobre a repartição de benefícios para conservação e uso sustentável da biodiversidade; revoga a Medida Provisória nº 2.186-16, de 23 de agosto de 2001; e dá outras providências.";"Rejeitada a Emenda nº 12. Sim: 166; não: 240; abstenção: 1; total: 407.";""
"7b244d40f0875015437c62c13a3a6645";"150310";"20:58:00";"Sim";"PL";"7924";"2014";"Dispõe sobre o subsídio do Defensor Público-Geral  Federal e dá outras providências.";"Aprovado o Requerimento. Sim: 233; não: 149; abstenção: 01; total: 383.";""
"3504852036bbd131a9c3372c40cd9a84";"150407";"19:24:00";"Não";"MPV";"660";"2014";"Altera a Lei nº 12.800, de 23 de abril de 2013, que dispõe sobre as tabelas de salários, vencimentos, soldos e demais vantagens aplicáveis aos servidores civis, aos militares e  aos  empregados  oriundos   do ex-Território Federal de Rondônia integrantes do quadro em extinção de que trata o art. 85 da Lei nº 12.249, de 11 de junho de 2010, e os Anexos III e III-A da Lei nº 11.356, de 19 de outubro de 2006; e dá outras providências.";"Suprimido o texto destacado. Sim: 214; não: 221; abstenção: 4; total: 439.";""
"94a65d42b18f63293e20f9f0d55e7682";"150415";"21:07:00";"Não";"MPV";"660";"2014";"Altera a Lei nº 12.800, de 23 de abril de 2013, que dispõe sobre as tabelas de salários, vencimentos, soldos e demais vantagens aplicáveis aos servidores civis, aos militares e  aos  empregados  oriundos   do ex-Território Federal de Rondônia integrantes do quadro em extinção de que trata o art. 85 da Lei nº 12.249, de 11 de junho de 2010, e os Anexos III e III-A da Lei nº 11.356, de 19 de outubro de 2006; e dá outras providências.";"Aprovada a Emenda nº 1 do Senado Federal. Sim: 350; não: 103; abstenção: 1; total: 454.";""
"ddedadeda3ef1fa3017ca675661b7f65";"150409";"16:33:00";"Sim";"MPV";"661";"2014";"Autoriza a União a conceder crédito ao Banco Nacional de Desenvolvimento Econômico e Social - BNDES e a destinar superávit financeiro das fontes de recursos existentes no Tesouro Nacional à cobertura de despesas primárias obrigatórias; e altera as Leis nºs 12.096, de 24 de novembro de 2009, 10.820, de 17 de dezembro de 2003, 8.213, de 24 de julho de 1991, e 8.112, de 11 de dezembro de 1990.";"Aprovado o Recurso. Sim: 209; não: 107; total: 316. Em consequência, os referidos arts. 3º, 4º, 5º e 8º voltam a integrar Projeto de Lei de Conversão nº 2/2015.";""
"254002efe96c5519ceca6b2270d43118";"150409";"18:01:00";"Não";"MPV";"661";"2014";"Autoriza a União a conceder crédito ao Banco Nacional de Desenvolvimento Econômico e Social - BNDES e a destinar superávit financeiro das fontes de recursos existentes no Tesouro Nacional à cobertura de despesas primárias obrigatórias; e altera as Leis nºs 12.096, de 24 de novembro de 2009, 10.820, de 17 de dezembro de 2003, 8.213, de 24 de julho de 1991, e 8.112, de 11 de dezembro de 1990.";"Aprovada a Emenda nº 60. Sim: 298; não: 95; abstenção:4; total: 397 (votação nominal anunciada, de ofício, pela Presidência).";""
"eff477b7ea6c8b7456f0bd59048d9707";"150409";"18:20:00";"Não";"MPV";"661";"2014";"Autoriza a União a conceder crédito ao Banco Nacional de Desenvolvimento Econômico e Social - BNDES e a destinar superávit financeiro das fontes de recursos existentes no Tesouro Nacional à cobertura de despesas primárias obrigatórias; e altera as Leis nºs 12.096, de 24 de novembro de 2009, 10.820, de 17 de dezembro de 2003, 8.213, de 24 de julho de 1991, e 8.112, de 11 de dezembro de 1990.";"Aprovada a Emenda nº 37. Sim: 198; não: 150; abstenção: 1; total: 349.";""
"b690c05e092874595fcef3f7cf644579";"150512";"18:39:00";"Sim";"MPV";"663";"2014";"Altera a Lei nº 12.096, de 24 de novembro de 2009.";"Aprovado o Projeto de Lei de Conversão nº 5 de 2015, apresentado à Medida Provisória nº 663 de 2014, ressalvados os destaques. Sim: 299; não: 120; abstenção: 1; total: 420.";""
"0d445c725a66cb8e6094695d4ac11cb2";"150512";"20:21:00";"Não";"MPV";"663";"2014";"Altera a Lei nº 12.096, de 24 de novembro de 2009.";"Rejeitada a Emenda nº 11. Sim: 149; não: 285; total: 434.";""
"d88638137069e96f611141fa58e6b76e";"150512";"21:48:00";"Não";"MPV";"663";"2014";"Altera a Lei nº 12.096, de 24 de novembro de 2009.";"Aprovada a Emenda nº 25. Sim: 243; não: 199; abstenção: 1; total: 443.";""
"2f4b3b06c73b7a5cb43c30387955613f";"150513";"17:48:00";"Sim";"MPV";"664";"2014";"Altera as Leis nºs 8.213, de 24 de julho de 1991, 10.876, de 2 de junho de 2004, 8.112, de 11 de dezembro de 1990, e 10.666, de 8 de maio de 2003; e dá outras providências.";"Aprovado, em apreciação preliminar, o Parecer do Relator, na parte em que manifesta opinião favorável quanto ao atendimento dos pressupostos constitucionais de relevância e urgência e de sua adequação financeira e orçamentária, nos termos do artigo 8º da Resolução nº 01, de 2002-CN. Sim: 278; não: 167; abstenção: 1; total: 446.";""
"252c90ef24c4aecb31cffa2f15a11932";"150513";"19:22:00";"Sim";"MPV";"664";"2014";"Altera as Leis nºs 8.213, de 24 de julho de 1991, 10.876, de 2 de junho de 2004, 8.112, de 11 de dezembro de 1990, e 10.666, de 8 de maio de 2003; e dá outras providências.";"Aprovado o Projeto de Lei de Conversão nº 4 de 2015, apresentado à Medida Provisória nº 664 de 2014, ressalvados os destaques. Sim: 277; não: 178; abstenção: 01; total: 456.";""
"13602f8909be1548e81602f40ff9255d";"150513";"20:29:00";"Não";"MPV";"664";"2014";"Altera as Leis nºs 8.213, de 24 de julho de 1991, 10.876, de 2 de junho de 2004, 8.112, de 11 de dezembro de 1990, e 10.666, de 8 de maio de 2003; e dá outras providências.";"Rejeitada a Emenda nº 507. Sim: 194; não: 261; abstenção: 4; total: 459.";""
"3851fab7c8e5e7be12b344a49d2dba83";"150513";"21:14:00";"Não";"MPV";"664";"2014";"Altera as Leis nºs 8.213, de 24 de julho de 1991, 10.876, de 2 de junho de 2004, 8.112, de 11 de dezembro de 1990, e 10.666, de 8 de maio de 2003; e dá outras providências.";"Aprovado o texto destacado. Sim: 232; não: 210; abstenção: 2; total: 444.";""
"f879e0737a9fc649b1f3da95fd37132b";"150513";"21:55:00";"Sim";"MPV";"664";"2014";"Altera as Leis nºs 8.213, de 24 de julho de 1991, 10.876, de 2 de junho de 2004, 8.112, de 11 de dezembro de 1990, e 10.666, de 8 de maio de 2003; e dá outras providências.";"Mantido o texto destacado. Sim: 294; não: 158; abstenção: 2; total: 454.";""
"fa07d295821a42acb6a0a94eb77dfeea";"150513";"22:34:00";"Sim";"MPV";"664";"2014";"Altera as Leis nºs 8.213, de 24 de julho de 1991, 10.876, de 2 de junho de 2004, 8.112, de 11 de dezembro de 1990, e 10.666, de 8 de maio de 2003; e dá outras providências.";"Suprimido o texto destacado. Sim: 220; não: 229; abstenção: 1; total: 450.";""
"f0bdc6e3d432262e41c18fd42fed79ca";"150514";"14:42:00";"Não";"MPV";"664";"2014";"Altera as Leis nºs 8.213, de 24 de julho de 1991, 10.876, de 2 de junho de 2004, 8.112, de 11 de dezembro de 1990, e 10.666, de 8 de maio de 2003; e dá outras providências.";"Rejeitada a Emenda Aglutinativa nº 5. Sim: 110; não: 226; total: 336.";""
"1df34fac5b164883ef086d33efb87917";"150514";"15:23:00";"Sim";"MPV";"664";"2014";"Altera as Leis nºs 8.213, de 24 de julho de 1991, 10.876, de 2 de junho de 2004, 8.112, de 11 de dezembro de 1990, e 10.666, de 8 de maio de 2003; e dá outras providências.";"Mantido o texto. Sim: 244; não: 144; abstenção: 2; total: 390.";""
"e2506703ffed656897c4b90f9da9f648";"150514";"16:10:00";"Sim";"MPV";"664";"2014";"Altera as Leis nºs 8.213, de 24 de julho de 1991, 10.876, de 2 de junho de 2004, 8.112, de 11 de dezembro de 1990, e 10.666, de 8 de maio de 2003; e dá outras providências.";"Mantido o texto. Sim: 267; não: 144; abstenção: 3; total: 414.";""
"cc271051ff0749e46b0a586df9a21b71";"150514";"16:43:00";"Sim";"MPV";"664";"2014";"Altera as Leis nºs 8.213, de 24 de julho de 1991, 10.876, de 2 de junho de 2004, 8.112, de 11 de dezembro de 1990, e 10.666, de 8 de maio de 2003; e dá outras providências.";"Mantido o texto. Sim: 248; não: 143; abstenção: 3; total: 394.";""
"96a2f6f48cc99072b454cc947653b59b";"150514";"17:10:00";"Sim";"MPV";"664";"2014";"Altera as Leis nºs 8.213, de 24 de julho de 1991, 10.876, de 2 de junho de 2004, 8.112, de 11 de dezembro de 1990, e 10.666, de 8 de maio de 2003; e dá outras providências.";"Mantido o texto. Sim: 221; não: 172; abstenção: 6; total: 399.";""
"b4c7cc2c6afbfec61d462c70fddf5df7";"150506";"15:29:00";"Não";"MPV";"665";"2014";"Altera as Leis nºs 7.998, de 11 de janeiro de 1990, que regula o Programa do Seguro-Desemprego, o Abono Salarial e institui o Fundo de Amparo ao Trabalhador - FAT, 10.779, de 25 de novembro de 2003, que dispõe sobre o seguro-desemprego para o pescador artesanal, e 8.213, de 24 de julho de 1991; revoga as Leis nºs 7.859, de 25 de outubro de 1989, e 8.900, de 30 de junho de 1994; e dá outras providências.";"Rejeitado o Requerimento. Sim: 180; não: 229; total: 409.";""
"f81710e8babab4985348383fa0a2fa50";"150506";"17:24:00";"Não";"MPV";"665";"2014";"Altera as Leis nºs 7.998, de 11 de janeiro de 1990, que regula o Programa do Seguro-Desemprego, o Abono Salarial e institui o Fundo de Amparo ao Trabalhador - FAT, 10.779, de 25 de novembro de 2003, que dispõe sobre o seguro-desemprego para o pescador artesanal, e 8.213, de 24 de julho de 1991; revoga as Leis nºs 7.859, de 25 de outubro de 1989, e 8.900, de 30 de junho de 1994; e dá outras providências.";"";""
"99563409b312296563043139ddc651c4";"150506";"17:57:00";"Não";"MPV";"665";"2014";"Altera as Leis nºs 7.998, de 11 de janeiro de 1990, que regula o Programa do Seguro-Desemprego, o Abono Salarial e institui o Fundo de Amparo ao Trabalhador - FAT, 10.779, de 25 de novembro de 2003, que dispõe sobre o seguro-desemprego para o pescador artesanal, e 8.213, de 24 de julho de 1991; revoga as Leis nºs 7.859, de 25 de outubro de 1989, e 8.900, de 30 de junho de 1994; e dá outras providências.";"Rejeitado o Requerimento. Sim: 49; não: 304; abstenção: 13; total: 366.";""
"66ba7647ebb41d6e821dc19760c8edc4";"150506";"19:35:00";"Não";"MPV";"665";"2014";"Altera as Leis nºs 7.998, de 11 de janeiro de 1990, que regula o Programa do Seguro-Desemprego, o Abono Salarial e institui o Fundo de Amparo ao Trabalhador - FAT, 10.779, de 25 de novembro de 2003, que dispõe sobre o seguro-desemprego para o pescador artesanal, e 8.213, de 24 de julho de 1991; revoga as Leis nºs 7.859, de 25 de outubro de 1989, e 8.900, de 30 de junho de 1994; e dá outras providências.";"Rejeitado o Requerimento. Sim: 90; não: 283; abstenção: 8; total: 381.";""
"22085ffe01b30f5305d8e4421c73efc6";"150506";"21:31:00";"Sim";"MPV";"665";"2014";"Altera as Leis nºs 7.998, de 11 de janeiro de 1990, que regula o Programa do Seguro-Desemprego, o Abono Salarial e institui o Fundo de Amparo ao Trabalhador - FAT, 10.779, de 25 de novembro de 2003, que dispõe sobre o seguro-desemprego para o pescador artesanal, e 8.213, de 24 de julho de 1991; revoga as Leis nºs 7.859, de 25 de outubro de 1989, e 8.900, de 30 de junho de 1994; e dá outras providências.";"Aprovado o Projeto de Lei de Conversão nº 3 de 2015 apresentado à Medida Provisória nº 665 de 2014, ressalvados os destaques. Sim: 252; não: 227; abstenção: 1; total: 480.";""
"1c588f3d72f650183491cd6850f91180";"150506";"22:03:00";"Sim";"MPV";"665";"2014";"Altera as Leis nºs 7.998, de 11 de janeiro de 1990, que regula o Programa do Seguro-Desemprego, o Abono Salarial e institui o Fundo de Amparo ao Trabalhador - FAT, 10.779, de 25 de novembro de 2003, que dispõe sobre o seguro-desemprego para o pescador artesanal, e 8.213, de 24 de julho de 1991; revoga as Leis nºs 7.859, de 25 de outubro de 1989, e 8.900, de 30 de junho de 1994; e dá outras providências.";"Mantido o artigo destacado. Sim: 247; não: 220; abstenção: 4; total: 471.";""
"8f1f29ff3b4fcca930b930d4a94dee21";"150506";"22:22:00";"Sim";"MPV";"665";"2014";"Altera as Leis nºs 7.998, de 11 de janeiro de 1990, que regula o Programa do Seguro-Desemprego, o Abono Salarial e institui o Fundo de Amparo ao Trabalhador - FAT, 10.779, de 25 de novembro de 2003, que dispõe sobre o seguro-desemprego para o pescador artesanal, e 8.213, de 24 de julho de 1991; revoga as Leis nºs 7.859, de 25 de outubro de 1989, e 8.900, de 30 de junho de 1994; e dá outras providências.";"Mantida a expressão destacada. Sim: 234; não: 229; abstenção: 2; total: 465.";""
"2e83e2dc1473bf31e1e6745b6276b284";"150507";"14:51:00";"Sim";"MPV";"665";"2014";"Altera as Leis nºs 7.998, de 11 de janeiro de 1990, que regula o Programa do Seguro-Desemprego, o Abono Salarial e institui o Fundo de Amparo ao Trabalhador - FAT, 10.779, de 25 de novembro de 2003, que dispõe sobre o seguro-desemprego para o pescador artesanal, e 8.213, de 24 de julho de 1991; revoga as Leis nºs 7.859, de 25 de outubro de 1989, e 8.900, de 30 de junho de 1994; e dá outras providências.";"Mantido o texto destacado. Sim: 258; não: 195; abstenção:3; total: 456.";""
"36675ca7955279e733c911133013835b";"150507";"16:15:00";"Não";"MPV";"665";"2014";"Altera as Leis nºs 7.998, de 11 de janeiro de 1990, que regula o Programa do Seguro-Desemprego, o Abono Salarial e institui o Fundo de Amparo ao Trabalhador - FAT, 10.779, de 25 de novembro de 2003, que dispõe sobre o seguro-desemprego para o pescador artesanal, e 8.213, de 24 de julho de 1991; revoga as Leis nºs 7.859, de 25 de outubro de 1989, e 8.900, de 30 de junho de 1994; e dá outras providências.";"Rejeitada a Emenda. Sim: 186; não: 251; abstenção:3; total: 440.";""
"4d4a1157004e2a58c8c356454229dad6";"150507";"16:39:00";"Sim";"MPV";"665";"2014";"Altera as Leis nºs 7.998, de 11 de janeiro de 1990, que regula o Programa do Seguro-Desemprego, o Abono Salarial e institui o Fundo de Amparo ao Trabalhador - FAT, 10.779, de 25 de novembro de 2003, que dispõe sobre o seguro-desemprego para o pescador artesanal, e 8.213, de 24 de julho de 1991; revoga as Leis nºs 7.859, de 25 de outubro de 1989, e 8.900, de 30 de junho de 1994; e dá outras providências.";"Mantido o texto destacado. Sim: 253; não: 186; abstenção:4; total: 443.";""
"fa53e4250e7cc0beacae00606185fd34";"150507";"17:11:00";"Não";"MPV";"665";"2014";"Altera as Leis nºs 7.998, de 11 de janeiro de 1990, que regula o Programa do Seguro-Desemprego, o Abono Salarial e institui o Fundo de Amparo ao Trabalhador - FAT, 10.779, de 25 de novembro de 2003, que dispõe sobre o seguro-desemprego para o pescador artesanal, e 8.213, de 24 de julho de 1991; revoga as Leis nºs 7.859, de 25 de outubro de 1989, e 8.900, de 30 de junho de 1994; e dá outras providências.";"Rejeitada a Emenda. Sim: 179; não: 241; abstenção: 2; total: 422;";""
"9aecc9252db1b0b7c890d23073529bf7";"150507";"17:28:00";"Não";"MPV";"665";"2014";"Altera as Leis nºs 7.998, de 11 de janeiro de 1990, que regula o Programa do Seguro-Desemprego, o Abono Salarial e institui o Fundo de Amparo ao Trabalhador - FAT, 10.779, de 25 de novembro de 2003, que dispõe sobre o seguro-desemprego para o pescador artesanal, e 8.213, de 24 de julho de 1991; revoga as Leis nºs 7.859, de 25 de outubro de 1989, e 8.900, de 30 de junho de 1994; e dá outras providências.";"Rejeitada a Emenda. Sim: 155; não: 255; abstenção: 7; total: 417.";""
"fa7011351a28be8c5cbf230a4cddb272";"150507";"17:48:00";"Não";"MPV";"665";"2014";"Altera as Leis nºs 7.998, de 11 de janeiro de 1990, que regula o Programa do Seguro-Desemprego, o Abono Salarial e institui o Fundo de Amparo ao Trabalhador - FAT, 10.779, de 25 de novembro de 2003, que dispõe sobre o seguro-desemprego para o pescador artesanal, e 8.213, de 24 de julho de 1991; revoga as Leis nºs 7.859, de 25 de outubro de 1989, e 8.900, de 30 de junho de 1994; e dá outras providências.";"Rejeitada a Emenda. Sim: 180; não: 241; abstenção: 3; total: 424.";""
"2dfff5b3d00710cd45276a0cd35c170c";"150507";"17:59:00";"Sim";"MPV";"665";"2014";"Altera as Leis nºs 7.998, de 11 de janeiro de 1990, que regula o Programa do Seguro-Desemprego, o Abono Salarial e institui o Fundo de Amparo ao Trabalhador - FAT, 10.779, de 25 de novembro de 2003, que dispõe sobre o seguro-desemprego para o pescador artesanal, e 8.213, de 24 de julho de 1991; revoga as Leis nºs 7.859, de 25 de outubro de 1989, e 8.900, de 30 de junho de 1994; e dá outras providências.";"Mantido o texto destacado. Sim: 223; não: 180; abstenção: 3; total: 406.";""
"8ab284a2e658e9e5c49c6a6c349ce346";"150507";"18:19:00";"Não";"MPV";"665";"2014";"Altera as Leis nºs 7.998, de 11 de janeiro de 1990, que regula o Programa do Seguro-Desemprego, o Abono Salarial e institui o Fundo de Amparo ao Trabalhador - FAT, 10.779, de 25 de novembro de 2003, que dispõe sobre o seguro-desemprego para o pescador artesanal, e 8.213, de 24 de julho de 1991; revoga as Leis nºs 7.859, de 25 de outubro de 1989, e 8.900, de 30 de junho de 1994; e dá outras providências.";"Rejeitada a Emenda. Sim: 180; não: 244; abstenção: 2; total: 426.";""
"387e7b9b001767b04da8ff22aafd0cd9";"150507";"18:26:00";"Sim";"MPV";"665";"2014";"Altera as Leis nºs 7.998, de 11 de janeiro de 1990, que regula o Programa do Seguro-Desemprego, o Abono Salarial e institui o Fundo de Amparo ao Trabalhador - FAT, 10.779, de 25 de novembro de 2003, que dispõe sobre o seguro-desemprego para o pescador artesanal, e 8.213, de 24 de julho de 1991; revoga as Leis nºs 7.859, de 25 de outubro de 1989, e 8.900, de 30 de junho de 1994; e dá outras providências.";"Mantido o texto destacado. Sim: 233; não: 184; abstenção:5; total: 422.";""
"5bb358c552f380a628a6fd148499d3fb";"150519";"19:47:00";"Não";"MPV";"668";"2015";"Altera as Leis nºs 10.865, de 30 de abril de 2004, para elevar alíquotas da Contribuição para o PIS/Pasep-Importação e da Cofins-Importação, 11.941, de 27 de maio de 2009, 11.079, de 30 de dezembro de 2004, 10.925, de 23 de julho de 2004, 11.051, de 29 de dezembro de 2004, 7.827, de 27 de setembro de 1989, 8.212, de 24 de julho de 1991, 8.935, de 18 de novembro de 1994, 10.150, de 21 de dezembro de 2000, 12.810, de 15 de maio de 2013, 5.861, de 12 de dezembro de 1972, 13.043, de 13 de novembro de 2014, 10.522, de 19 de julho de 2002, 12.469, de 26 de agosto de 2011, 12.995, de 18 de junho de 2014, 13.097, de 19 de janeiro de 2015, 10.996, de 15 de dezembro de 2004, 11.196, de 21 de novembro de 2005, 10.833, de 29 de dezembro de 2003, e 12.024, de 27 de agosto de 2009, e o Decreto-Lei nº 1.598, de 26 de dezembro de 1977; revoga dispositivos das Leis nºs 4.380, de 21 de agosto de 1964, 9.430, de 27 de dezembro de 1996, e 8.177, de 1º de março de 1991; e dá outras providências.";"Rejeitado o Recurso. Sim: 157; não: 287	; abstenção: 1; total: 445.";""
"07daa47a25c2baaa4a87febedd682be0";"150519";"21:36:00";"Sim";"MPV";"668";"2015";"Altera as Leis nºs 10.865, de 30 de abril de 2004, para elevar alíquotas da Contribuição para o PIS/Pasep-Importação e da Cofins-Importação, 11.941, de 27 de maio de 2009, 11.079, de 30 de dezembro de 2004, 10.925, de 23 de julho de 2004, 11.051, de 29 de dezembro de 2004, 7.827, de 27 de setembro de 1989, 8.212, de 24 de julho de 1991, 8.935, de 18 de novembro de 1994, 10.150, de 21 de dezembro de 2000, 12.810, de 15 de maio de 2013, 5.861, de 12 de dezembro de 1972, 13.043, de 13 de novembro de 2014, 10.522, de 19 de julho de 2002, 12.469, de 26 de agosto de 2011, 12.995, de 18 de junho de 2014, 13.097, de 19 de janeiro de 2015, 10.996, de 15 de dezembro de 2004, 11.196, de 21 de novembro de 2005, 10.833, de 29 de dezembro de 2003, e 12.024, de 27 de agosto de 2009, e o Decreto-Lei nº 1.598, de 26 de dezembro de 1977; revoga dispositivos das Leis nºs 4.380, de 21 de agosto de 1964, 9.430, de 27 de dezembro de 1996, e 8.177, de 1º de março de 1991; e dá outras providências.";"Aprovado o Projeto de Lei de Conversão nº 6 de 2015, apresentado à Medida Provisória nº 668 de 2015, ressalvados os destaques. Sim: 323; não: 125; abstenção: 5; total: 453.";""
"fdb76f0cb7e0704ee5a2d140172d37f0";"150519";"22:01:00";"Sim";"MPV";"668";"2015";"Altera as Leis nºs 10.865, de 30 de abril de 2004, para elevar alíquotas da Contribuição para o PIS/Pasep-Importação e da Cofins-Importação, 11.941, de 27 de maio de 2009, 11.079, de 30 de dezembro de 2004, 10.925, de 23 de julho de 2004, 11.051, de 29 de dezembro de 2004, 7.827, de 27 de setembro de 1989, 8.212, de 24 de julho de 1991, 8.935, de 18 de novembro de 1994, 10.150, de 21 de dezembro de 2000, 12.810, de 15 de maio de 2013, 5.861, de 12 de dezembro de 1972, 13.043, de 13 de novembro de 2014, 10.522, de 19 de julho de 2002, 12.469, de 26 de agosto de 2011, 12.995, de 18 de junho de 2014, 13.097, de 19 de janeiro de 2015, 10.996, de 15 de dezembro de 2004, 11.196, de 21 de novembro de 2005, 10.833, de 29 de dezembro de 2003, e 12.024, de 27 de agosto de 2009, e o Decreto-Lei nº 1.598, de 26 de dezembro de 1977; revoga dispositivos das Leis nºs 4.380, de 21 de agosto de 1964, 9.430, de 27 de dezembro de 1996, e 8.177, de 1º de março de 1991; e dá outras providências.";"Mantido o artigo destacado. Sim: 310; não: 129; abstenção: 1; total: 440.";""
"bba6ec9302ce908e619ef4085ec79d51";"150519";"22:01:00";"Sim";"MPV";"668";"2015";"Altera as Leis nºs 10.865, de 30 de abril de 2004, para elevar alíquotas da Contribuição para o PIS/Pasep-Importação e da Cofins-Importação, 11.941, de 27 de maio de 2009, 11.079, de 30 de dezembro de 2004, 10.925, de 23 de julho de 2004, 11.051, de 29 de dezembro de 2004, 7.827, de 27 de setembro de 1989, 8.212, de 24 de julho de 1991, 8.935, de 18 de novembro de 1994, 10.150, de 21 de dezembro de 2000, 12.810, de 15 de maio de 2013, 5.861, de 12 de dezembro de 1972, 13.043, de 13 de novembro de 2014, 10.522, de 19 de julho de 2002, 12.469, de 26 de agosto de 2011, 12.995, de 18 de junho de 2014, 13.097, de 19 de janeiro de 2015, 10.996, de 15 de dezembro de 2004, 11.196, de 21 de novembro de 2005, 10.833, de 29 de dezembro de 2003, e 12.024, de 27 de agosto de 2009, e o Decreto-Lei nº 1.598, de 26 de dezembro de 1977; revoga dispositivos das Leis nºs 4.380, de 21 de agosto de 1964, 9.430, de 27 de dezembro de 1996, e 8.177, de 1º de março de 1991; e dá outras providências.";"Votação dos §§ 1º e 2º do artigo 8º da Lei 10.865/2004, proposto pelo artigo 1º do Projeto de Lei de Conversão nº 6, objeto do destaque da bancada do DEM.";""
"75cbf93b5d8c3afd0e22226e553590da";"150519";"22:29:00";"Sim";"MPV";"668";"2015";"Altera as Leis nºs 10.865, de 30 de abril de 2004, para elevar alíquotas da Contribuição para o PIS/Pasep-Importação e da Cofins-Importação, 11.941, de 27 de maio de 2009, 11.079, de 30 de dezembro de 2004, 10.925, de 23 de julho de 2004, 11.051, de 29 de dezembro de 2004, 7.827, de 27 de setembro de 1989, 8.212, de 24 de julho de 1991, 8.935, de 18 de novembro de 1994, 10.150, de 21 de dezembro de 2000, 12.810, de 15 de maio de 2013, 5.861, de 12 de dezembro de 1972, 13.043, de 13 de novembro de 2014, 10.522, de 19 de julho de 2002, 12.469, de 26 de agosto de 2011, 12.995, de 18 de junho de 2014, 13.097, de 19 de janeiro de 2015, 10.996, de 15 de dezembro de 2004, 11.196, de 21 de novembro de 2005, 10.833, de 29 de dezembro de 2003, e 12.024, de 27 de agosto de 2009, e o Decreto-Lei nº 1.598, de 26 de dezembro de 1977; revoga dispositivos das Leis nºs 4.380, de 21 de agosto de 1964, 9.430, de 27 de dezembro de 1996, e 8.177, de 1º de março de 1991; e dá outras providências.";"Mantido o texto destacado. Sim: 311; não: 137; abstenção: 1; total: 449.";""
"5c1467ccdd0e9a0c2336e4d8569b41a6";"150519";"22:55:00";"Sim";"MPV";"668";"2015";"Altera as Leis nºs 10.865, de 30 de abril de 2004, para elevar alíquotas da Contribuição para o PIS/Pasep-Importação e da Cofins-Importação, 11.941, de 27 de maio de 2009, 11.079, de 30 de dezembro de 2004, 10.925, de 23 de julho de 2004, 11.051, de 29 de dezembro de 2004, 7.827, de 27 de setembro de 1989, 8.212, de 24 de julho de 1991, 8.935, de 18 de novembro de 1994, 10.150, de 21 de dezembro de 2000, 12.810, de 15 de maio de 2013, 5.861, de 12 de dezembro de 1972, 13.043, de 13 de novembro de 2014, 10.522, de 19 de julho de 2002, 12.469, de 26 de agosto de 2011, 12.995, de 18 de junho de 2014, 13.097, de 19 de janeiro de 2015, 10.996, de 15 de dezembro de 2004, 11.196, de 21 de novembro de 2005, 10.833, de 29 de dezembro de 2003, e 12.024, de 27 de agosto de 2009, e o Decreto-Lei nº 1.598, de 26 de dezembro de 1977; revoga dispositivos das Leis nºs 4.380, de 21 de agosto de 1964, 9.430, de 27 de dezembro de 1996, e 8.177, de 1º de março de 1991; e dá outras providências.";"Mantido o texto destacado.Sim: 230; não: 221; abstenção: 1; total: 452.";""
"83159d8c923cd1c11aa3abb59136fe2b";"150519";"23:08:00";"Sim";"MPV";"668";"2015";"Altera as Leis nºs 10.865, de 30 de abril de 2004, para elevar alíquotas da Contribuição para o PIS/Pasep-Importação e da Cofins-Importação, 11.941, de 27 de maio de 2009, 11.079, de 30 de dezembro de 2004, 10.925, de 23 de julho de 2004, 11.051, de 29 de dezembro de 2004, 7.827, de 27 de setembro de 1989, 8.212, de 24 de julho de 1991, 8.935, de 18 de novembro de 1994, 10.150, de 21 de dezembro de 2000, 12.810, de 15 de maio de 2013, 5.861, de 12 de dezembro de 1972, 13.043, de 13 de novembro de 2014, 10.522, de 19 de julho de 2002, 12.469, de 26 de agosto de 2011, 12.995, de 18 de junho de 2014, 13.097, de 19 de janeiro de 2015, 10.996, de 15 de dezembro de 2004, 11.196, de 21 de novembro de 2005, 10.833, de 29 de dezembro de 2003, e 12.024, de 27 de agosto de 2009, e o Decreto-Lei nº 1.598, de 26 de dezembro de 1977; revoga dispositivos das Leis nºs 4.380, de 21 de agosto de 1964, 9.430, de 27 de dezembro de 1996, e 8.177, de 1º de março de 1991; e dá outras providências.";"Mantido o texto destacado.Sim: 307; não: 130; abstenção: 2; total: 439.";""
"82c60409e7d9cf5a1ed6408ca9ce4b75";"150520";"17:39:00";"Não";"MPV";"668";"2015";"Altera as Leis nºs 10.865, de 30 de abril de 2004, para elevar alíquotas da Contribuição para o PIS/Pasep-Importação e da Cofins-Importação, 11.941, de 27 de maio de 2009, 11.079, de 30 de dezembro de 2004, 10.925, de 23 de julho de 2004, 11.051, de 29 de dezembro de 2004, 7.827, de 27 de setembro de 1989, 8.212, de 24 de julho de 1991, 8.935, de 18 de novembro de 1994, 10.150, de 21 de dezembro de 2000, 12.810, de 15 de maio de 2013, 5.861, de 12 de dezembro de 1972, 13.043, de 13 de novembro de 2014, 10.522, de 19 de julho de 2002, 12.469, de 26 de agosto de 2011, 12.995, de 18 de junho de 2014, 13.097, de 19 de janeiro de 2015, 10.996, de 15 de dezembro de 2004, 11.196, de 21 de novembro de 2005, 10.833, de 29 de dezembro de 2003, e 12.024, de 27 de agosto de 2009, e o Decreto-Lei nº 1.598, de 26 de dezembro de 1977; revoga dispositivos das Leis nºs 4.380, de 21 de agosto de 1964, 9.430, de 27 de dezembro de 1996, e 8.177, de 1º de março de 1991; e dá outras providências.";"Suprimida a expressão destacada. Sim:1; não: 306; total: 307.";""
"299a00db5ac816b930dd0b46ddfa356b";"150520";"18:02:00";"Não";"MPV";"668";"2015";"Altera as Leis nºs 10.865, de 30 de abril de 2004, para elevar alíquotas da Contribuição para o PIS/Pasep-Importação e da Cofins-Importação, 11.941, de 27 de maio de 2009, 11.079, de 30 de dezembro de 2004, 10.925, de 23 de julho de 2004, 11.051, de 29 de dezembro de 2004, 7.827, de 27 de setembro de 1989, 8.212, de 24 de julho de 1991, 8.935, de 18 de novembro de 1994, 10.150, de 21 de dezembro de 2000, 12.810, de 15 de maio de 2013, 5.861, de 12 de dezembro de 1972, 13.043, de 13 de novembro de 2014, 10.522, de 19 de julho de 2002, 12.469, de 26 de agosto de 2011, 12.995, de 18 de junho de 2014, 13.097, de 19 de janeiro de 2015, 10.996, de 15 de dezembro de 2004, 11.196, de 21 de novembro de 2005, 10.833, de 29 de dezembro de 2003, e 12.024, de 27 de agosto de 2009, e o Decreto-Lei nº 1.598, de 26 de dezembro de 1977; revoga dispositivos das Leis nºs 4.380, de 21 de agosto de 1964, 9.430, de 27 de dezembro de 1996, e 8.177, de 1º de março de 1991; e dá outras providências.";"Suprimido o artigo destacado. Sim:109; não: 283; abstenção: 3; total: 395.";""
"9b460e43b4516ef9928b7e5cdccd4b59";"150520";"18:18:00";"Sim";"MPV";"668";"2015";"Altera as Leis nºs 10.865, de 30 de abril de 2004, para elevar alíquotas da Contribuição para o PIS/Pasep-Importação e da Cofins-Importação, 11.941, de 27 de maio de 2009, 11.079, de 30 de dezembro de 2004, 10.925, de 23 de julho de 2004, 11.051, de 29 de dezembro de 2004, 7.827, de 27 de setembro de 1989, 8.212, de 24 de julho de 1991, 8.935, de 18 de novembro de 1994, 10.150, de 21 de dezembro de 2000, 12.810, de 15 de maio de 2013, 5.861, de 12 de dezembro de 1972, 13.043, de 13 de novembro de 2014, 10.522, de 19 de julho de 2002, 12.469, de 26 de agosto de 2011, 12.995, de 18 de junho de 2014, 13.097, de 19 de janeiro de 2015, 10.996, de 15 de dezembro de 2004, 11.196, de 21 de novembro de 2005, 10.833, de 29 de dezembro de 2003, e 12.024, de 27 de agosto de 2009, e o Decreto-Lei nº 1.598, de 26 de dezembro de 1977; revoga dispositivos das Leis nºs 4.380, de 21 de agosto de 1964, 9.430, de 27 de dezembro de 1996, e 8.177, de 1º de março de 1991; e dá outras providências.";"Mantido o artigo destacado. Sim: 266; não: 125; total: 391.";""
"e8b77021d944a9c0afbeb4c3fa12fa39";"150520";"18:32:00";"Não";"MPV";"668";"2015";"Altera as Leis nºs 10.865, de 30 de abril de 2004, para elevar alíquotas da Contribuição para o PIS/Pasep-Importação e da Cofins-Importação, 11.941, de 27 de maio de 2009, 11.079, de 30 de dezembro de 2004, 10.925, de 23 de julho de 2004, 11.051, de 29 de dezembro de 2004, 7.827, de 27 de setembro de 1989, 8.212, de 24 de julho de 1991, 8.935, de 18 de novembro de 1994, 10.150, de 21 de dezembro de 2000, 12.810, de 15 de maio de 2013, 5.861, de 12 de dezembro de 1972, 13.043, de 13 de novembro de 2014, 10.522, de 19 de julho de 2002, 12.469, de 26 de agosto de 2011, 12.995, de 18 de junho de 2014, 13.097, de 19 de janeiro de 2015, 10.996, de 15 de dezembro de 2004, 11.196, de 21 de novembro de 2005, 10.833, de 29 de dezembro de 2003, e 12.024, de 27 de agosto de 2009, e o Decreto-Lei nº 1.598, de 26 de dezembro de 1977; revoga dispositivos das Leis nºs 4.380, de 21 de agosto de 1964, 9.430, de 27 de dezembro de 1996, e 8.177, de 1º de março de 1991; e dá outras providências.";"Suprimido o artigo destacado. Sim:12; não: 289; abstenção: 10; total: 311.  - **Em decorrência da rejeição da redação proposta pelo artigo 24 do Projeto de Lei de Conversão nº 6 ao artigo 34-A da Lei 13.097/2015, fica sem efeito a cláusula de vigência constante do inciso VI do artigo 35.";""
"87bf7f6c12be11cef8690c660915bdda";"150520";"19:26:00";"Não";"MPV";"668";"2015";"Altera as Leis nºs 10.865, de 30 de abril de 2004, para elevar alíquotas da Contribuição para o PIS/Pasep-Importação e da Cofins-Importação, 11.941, de 27 de maio de 2009, 11.079, de 30 de dezembro de 2004, 10.925, de 23 de julho de 2004, 11.051, de 29 de dezembro de 2004, 7.827, de 27 de setembro de 1989, 8.212, de 24 de julho de 1991, 8.935, de 18 de novembro de 1994, 10.150, de 21 de dezembro de 2000, 12.810, de 15 de maio de 2013, 5.861, de 12 de dezembro de 1972, 13.043, de 13 de novembro de 2014, 10.522, de 19 de julho de 2002, 12.469, de 26 de agosto de 2011, 12.995, de 18 de junho de 2014, 13.097, de 19 de janeiro de 2015, 10.996, de 15 de dezembro de 2004, 11.196, de 21 de novembro de 2005, 10.833, de 29 de dezembro de 2003, e 12.024, de 27 de agosto de 2009, e o Decreto-Lei nº 1.598, de 26 de dezembro de 1977; revoga dispositivos das Leis nºs 4.380, de 21 de agosto de 1964, 9.430, de 27 de dezembro de 1996, e 8.177, de 1º de março de 1991; e dá outras providências.";"Suprimido o artigo destacado. Sim: 123; não: 315; total: 438.";""
"5699fe73c37c426de0f098d95bf85be3";"150520";"19:36:00";"Não";"MPV";"668";"2015";"Altera as Leis nºs 10.865, de 30 de abril de 2004, para elevar alíquotas da Contribuição para o PIS/Pasep-Importação e da Cofins-Importação, 11.941, de 27 de maio de 2009, 11.079, de 30 de dezembro de 2004, 10.925, de 23 de julho de 2004, 11.051, de 29 de dezembro de 2004, 7.827, de 27 de setembro de 1989, 8.212, de 24 de julho de 1991, 8.935, de 18 de novembro de 1994, 10.150, de 21 de dezembro de 2000, 12.810, de 15 de maio de 2013, 5.861, de 12 de dezembro de 1972, 13.043, de 13 de novembro de 2014, 10.522, de 19 de julho de 2002, 12.469, de 26 de agosto de 2011, 12.995, de 18 de junho de 2014, 13.097, de 19 de janeiro de 2015, 10.996, de 15 de dezembro de 2004, 11.196, de 21 de novembro de 2005, 10.833, de 29 de dezembro de 2003, e 12.024, de 27 de agosto de 2009, e o Decreto-Lei nº 1.598, de 26 de dezembro de 1977; revoga dispositivos das Leis nºs 4.380, de 21 de agosto de 1964, 9.430, de 27 de dezembro de 1996, e 8.177, de 1º de março de 1991; e dá outras providências.";"Suprimido o dispositivo destacado. Sim: 104; não: 325; total: 429.";""
"0112611f358b0e425e56287f207263ea";"150520";"20:29:00";"Sim";"MPV";"668";"2015";"Altera as Leis nºs 10.865, de 30 de abril de 2004, para elevar alíquotas da Contribuição para o PIS/Pasep-Importação e da Cofins-Importação, 11.941, de 27 de maio de 2009, 11.079, de 30 de dezembro de 2004, 10.925, de 23 de julho de 2004, 11.051, de 29 de dezembro de 2004, 7.827, de 27 de setembro de 1989, 8.212, de 24 de julho de 1991, 8.935, de 18 de novembro de 1994, 10.150, de 21 de dezembro de 2000, 12.810, de 15 de maio de 2013, 5.861, de 12 de dezembro de 1972, 13.043, de 13 de novembro de 2014, 10.522, de 19 de julho de 2002, 12.469, de 26 de agosto de 2011, 12.995, de 18 de junho de 2014, 13.097, de 19 de janeiro de 2015, 10.996, de 15 de dezembro de 2004, 11.196, de 21 de novembro de 2005, 10.833, de 29 de dezembro de 2003, e 12.024, de 27 de agosto de 2009, e o Decreto-Lei nº 1.598, de 26 de dezembro de 1977; revoga dispositivos das Leis nºs 4.380, de 21 de agosto de 1964, 9.430, de 27 de dezembro de 1996, e 8.177, de 1º de março de 1991; e dá outras providências.";"Aprovada a Redação Final, na parte referente ao art. 3º do Projeto de Lei de Conversão nº 6 (Relator: Dep. Manoel Junior (PMDB-PB)). Sim: 273; não: 184; abstenção: 7; total: 464.";""
"6330881867ed7cf9308397114bcbe09f";"150416";"17:12:00";"Sim";"PLP";"13";"2015";"Altera a redação do art. 3.º da Lei Complementar 79, de 7 de janeiro de 1994, que 'cria o Fundo Penitenciário Nacional - FUNPEN, e dá outras providências.";"Aprovado o Projeto de Lei Complementar nº 13 de 2015. Sim: 377; não: 10; total: 387.";""
"19ca1552e89b60136b44754b8d2b6c10";"150312";"18:54:00";"Liberado";"PRC";"11";"2015";"Altera o Regimento Interno da Câmara dos Deputados, aprovado pela Resolução n° 17, de 21 de setembro de 1989, para dispor sobre a Secretaria de Comunicação Social.";"Aprovado o Projeto de Resolução nº 11 de 2015. Sim: 226; não: 43; abstenção: 9; total: 278.";""
"8e2b77e533fb854a60611a570c1bacb3";"150324";"17:23:00";"Liberado";"REQ";"894";"2015";"Requer nos termos do artigo 155 do Regimento Interno da Câmara dos Deputados, urgência para apreciação do Projeto de Lei 623/2015.";"Rejeitado o Requerimento de Urgência (Art. 155 do RICD). Sim: 204; não: 147; total: 351.";""
"428225d83e8e534b7075ad54dbe70e10";"150324";"17:47:00";"Sim";"REQ";"1030";"2015";"Com base no art. 155 do Regimento Interno, requeremos regime de urgência para a apreciação do PL 644/2015.";"Rejeitado o Requerimento de Urgência (Art. 155 do RICD). Sim: 222; não: 116; total: 338.";""
"27813af4583a4d3f0dcd4d40ad0f4500";"150326";"13:54:00";"Liberado";"PL";"846";"2015";"Altera os arts. 121 e 129 do Decreto-Lei nº 2.848, de 7 de dezembro de 1940 - Código Penal, e o art. 1º da Lei nº 8.072, de 25 de julho de 1990 - Lei dos Crimes Hediondos.";"Mantido o texto. Sim: 215; não: 100; abstenção: 5; total: 320.";""
"7479ec2a9447fa60054450d1d89f0981";"150324";"21:02:00";"Liberado";"PLP";"37";"2015";"'Altera a Lei Complementar nº 148, de 25 de novembro de 2014.'";"Aprovado o Projeto de Lei Complementar nº 37 de 2015. Sim: 389; não: 2; total: 391.";""
"05c65207cced7156ac342ee84c18e446";"150324";"18:07:00";"Não";"REQ";"1108";"2015";"Com base no art. 155 do Regimento Interno, requeremos regime de urgência para a apreciação do PLP 34/2015";"Rejeitado o Requerimento de Urgência (Art. 155 do RICD). Sim: 170; não: 239; abstenção: 3; total: 412.";""
"4e6745b50fb5b929ee5c96683e83c3d2";"150324";"18:38:00";"Sim";"REQ";"1117";"2015";"Com base no art. 155 do Regimento Interno, requeremos regime de urgência para a apreciação do PL 8122/2014.";"";""
"7f6ad78020eb19b6e80bd7e9958c88d5";"150324";"18:56:00";"Não";"REQ";"1118";"2015";"Com base no art. 155 do Regimento Interno, requeremos regime de urgência para a apreciação do PL 7885/2014.";"";""
"4173c6b81835dd3a3ca3fdc2729fd4d1";"150324";"19:20:00";"Liberado";"REQ";"1121";"2015";"Com base no art. 155 do Regimento Interno, requeremos regime de urgência para a apreciação do PL 7224/2006.";"";""
"03c46dc496381c3be742de9b603a0c00";"150326";"11:19:00";"Sim";"REQ";"1125";"2015";"Com base no art. 155 do Regimento Interno, requeremos regime de urgência para a apreciação do PL 6701/2013.";"Aprovado o Requerimento de Urgência (Art. 155 do RICD). Sim: 290; não: 32; abstenção: 3; total: 325.";""
"841bb7aad0e6fe30195f44d2dad511e7";"150330";"19:11:00";"Não";"REQ";"1129";"2015";"Requer urgência, nos termos do art. 155, do Regimento Interno da Câmara dos Deputados, para apreciação do PL 5773/2013, de autoria do Deputado Onyx Lorenzoni, que altera o Decreto-Lei nº 2.848, de 7 de dezembro de 1940, acrescentando o art. 288 - B, tipificando o crime de terrorismo, e dá outras disposições.";"Rejeitado o Requerimento de Urgência (Art. 155 do RICD). Sim: 216; Não: 181; abstenção: 1; total: 398 .";""
"5fb7280763ee4804875c6cf96d9ba283";"150610";"19:19:00";"Liberado";"PEC";"182";"2007";"Altera os arts. 17, 46 e 55 da Constituição Federal, para assegurar aos partidos políticos a titularidade dos mandatos parlamentares e estabelecer a perda dos mandatos dos membros do Poder Legislativo e do Poder Executivo que se desfiliarem dos partidos pelos quais forem eleitos.";"Rejeitado o artigo 8º do Substitutivo. Sim: 134; não: 311; abstenção: 3; total: 448.";""
"e263abf80a74c1898c780f2b58bf548f";"150611";"12:43:00";"Não existe";"PEC";"182";"2007";"Altera os arts. 17, 46 e 55 da Constituição Federal, para assegurar aos partidos políticos a titularidade dos mandatos parlamentares e estabelecer a perda dos mandatos dos membros do Poder Legislativo e do Poder Executivo que se desfiliarem dos partidos pelos quais forem eleitos.";"Aprovado o art. 10 do Substitutivo oferecido pelo Relator da Comissão Especial. Sim: 363; não: 48; abstenção: 1; total: 412.";""
"ad4a80c0071481669125549b644d3bc0";"150611";"12:00:00";"Não existe";"PEC";"182";"2007";"Altera os arts. 17, 46 e 55 da Constituição Federal, para assegurar aos partidos políticos a titularidade dos mandatos parlamentares e estabelecer a perda dos mandatos dos membros do Poder Legislativo e do Poder Executivo que se desfiliarem dos partidos pelos quais forem eleitos.";"Aprovada a Emenda nº 1. Sim: 337; não: 73; abstenção: 2; total: 412.";""
"ef5bd2e2a7035ae503b51a61a6b0aa9a";"150616";"20:55:00";"Não existe";"PEC";"182";"2007";"Altera os arts. 17, 46 e 55 da Constituição Federal, para assegurar aos partidos políticos a titularidade dos mandatos parlamentares e estabelecer a perda dos mandatos dos membros do Poder Legislativo e do Poder Executivo que se desfiliarem dos partidos pelos quais forem eleitos.";"Rejeitado o art. 14 do Substitutivo oferecido pelo Relator da Comissão Especial. Sim: 157; não: 277; abstenção: 7; total: 441.";""
"9a14f0b5f7f25ca07def510102cff279";"150617";"21:03:00";"Não existe";"PEC";"182";"2007";"Altera os arts. 17, 46 e 55 da Constituição Federal, para assegurar aos partidos políticos a titularidade dos mandatos parlamentares e estabelecer a perda dos mandatos dos membros do Poder Legislativo e do Poder Executivo que se desfiliarem dos partidos pelos quais forem eleitos.";"";""
"326ddae10d11f8f04e06422486b47177";"150616";"21:23:00";"Não";"PEC";"182";"2007";"Altera os arts. 17, 46 e 55 da Constituição Federal, para assegurar aos partidos políticos a titularidade dos mandatos parlamentares e estabelecer a perda dos mandatos dos membros do Poder Legislativo e do Poder Executivo que se desfiliarem dos partidos pelos quais forem eleitos.";"Rejeitada a Emenda nº 8 apresentada na Comissão Especial. Sim: 60; não: 357; abstenção: 3; total: 420.";""
"3f6623e05d036673f4dbaa5f196f7247";"150617";"20:05:00";"Não existe";"PEC";"182";"2007";"Altera os arts. 17, 46 e 55 da Constituição Federal, para assegurar aos partidos políticos a titularidade dos mandatos parlamentares e estabelecer a perda dos mandatos dos membros do Poder Legislativo e do Poder Executivo que se desfiliarem dos partidos pelos quais forem eleitos.";"";""
"d9084d03cad04107ae3f496aa7741c89";"150610";"20:58:00";"Liberado";"PEC";"182";"2007";"Altera os arts. 17, 46 e 55 da Constituição Federal, para assegurar aos partidos políticos a titularidade dos mandatos parlamentares e estabelecer a perda dos mandatos dos membros do Poder Legislativo e do Poder Executivo que se desfiliarem dos partidos pelos quais forem eleitos.";"Aprovada a Emenda Aglutinativa nº 48. Sim: 348; não: 110; abstenção: 3; total: 461.";""
"33f90cb52c9025af597e5b0f732c45ee";"150610";"18:21:00";"Liberado";"PEC";"182";"2007";"Altera os arts. 17, 46 e 55 da Constituição Federal, para assegurar aos partidos políticos a titularidade dos mandatos parlamentares e estabelecer a perda dos mandatos dos membros do Poder Legislativo e do Poder Executivo que se desfiliarem dos partidos pelos quais forem eleitos.";"Rejeitado o requerimento de destaque de preferência. Sim: 114; não: 268; abstenção: 2; total: 384 (votação nominal anunciada de ofício).";""
"fdedd1fd16d644ef857720290989cbfb";"150610";"22:56:00";"Sim";"PEC";"182";"2007";"Altera os arts. 17, 46 e 55 da Constituição Federal, para assegurar aos partidos políticos a titularidade dos mandatos parlamentares e estabelecer a perda dos mandatos dos membros do Poder Legislativo e do Poder Executivo que se desfiliarem dos partidos pelos quais forem eleitos.";"Aprovada a Emenda Aglutinativa nº 53. Sim: 419; não: 8; abstenção: 4; total: 431.";""
"b92e28d17a23d3e3bf0967d0adbdf325";"150610";"22:38:00";"Liberado";"PEC";"182";"2007";"Altera os arts. 17, 46 e 55 da Constituição Federal, para assegurar aos partidos políticos a titularidade dos mandatos parlamentares e estabelecer a perda dos mandatos dos membros do Poder Legislativo e do Poder Executivo que se desfiliarem dos partidos pelos quais forem eleitos.";"Rejeitada a Emenda Aglutinativa nº 54. Sim: 220; não: 225; abstenção: 3; total: 448.";""
"e35428214b04533519337e946e2ff641";"150611";"13:37:00";"Não existe";"PEC";"182";"2007";"Altera os arts. 17, 46 e 55 da Constituição Federal, para assegurar aos partidos políticos a titularidade dos mandatos parlamentares e estabelecer a perda dos mandatos dos membros do Poder Legislativo e do Poder Executivo que se desfiliarem dos partidos pelos quais forem eleitos.";"Aprovado o art. 7º do Substitutivo oferecido pelo Relator da Comissão Especial, com a alteração proposta em Complementação de Voto. Sim: 386; não: 10; abstenção: 9; total: 405.";""
"376eeb6df926823dbf27032b36430f8a";"150616";"22:22:00";"Liberado";"PEC";"182";"2007";"Altera os arts. 17, 46 e 55 da Constituição Federal, para assegurar aos partidos políticos a titularidade dos mandatos parlamentares e estabelecer a perda dos mandatos dos membros do Poder Legislativo e do Poder Executivo que se desfiliarem dos partidos pelos quais forem eleitos.";"Aprovado o texto destacado. Sim: 392; não: 43; abstenção: 15; total: 450.";""
"7b707c61103c52037a7c40e565e47db5";"150616";"19:07:00";"Não existe";"PEC";"182";"2007";"Altera os arts. 17, 46 e 55 da Constituição Federal, para assegurar aos partidos políticos a titularidade dos mandatos parlamentares e estabelecer a perda dos mandatos dos membros do Poder Legislativo e do Poder Executivo que se desfiliarem dos partidos pelos quais forem eleitos.";"Rejeitada a Emenda Aglutinativa nº 57. Sim: 293; não: 101; abstenção: 53; tota: 447.";""
"fe90313d03a0102b1b51cda586659f61";"150616";"21:56:00";"Não";"PEC";"182";"2007";"Altera os arts. 17, 46 e 55 da Constituição Federal, para assegurar aos partidos políticos a titularidade dos mandatos parlamentares e estabelecer a perda dos mandatos dos membros do Poder Legislativo e do Poder Executivo que se desfiliarem dos partidos pelos quais forem eleitos.";"Rejeitada Emenda Aglutinativa nº 56. Não: 404; abstenção: 9; total: 413.";""
"5076a182bbf88932612f46a8d7ce6186";"150616";"20:04:00";"Sim";"PEC";"182";"2007";"Altera os arts. 17, 46 e 55 da Constituição Federal, para assegurar aos partidos políticos a titularidade dos mandatos parlamentares e estabelecer a perda dos mandatos dos membros do Poder Legislativo e do Poder Executivo que se desfiliarem dos partidos pelos quais forem eleitos.";"Aprovada a Emenda Aglutinativa nº 60. Sim: 433; não: 7; abstenção: 2; total: 442.";""
"1593e7554d9e4ee73e183a5a0fab5acc";"150617";"21:35:00";"Não existe";"PEC";"182";"2007";"Altera os arts. 17, 46 e 55 da Constituição Federal, para assegurar aos partidos políticos a titularidade dos mandatos parlamentares e estabelecer a perda dos mandatos dos membros do Poder Legislativo e do Poder Executivo que se desfiliarem dos partidos pelos quais forem eleitos.";"";""
"79b75ac3bad4a837c06cc0cd840f5b1f";"150617";"22:32:00";"Não";"MPV";"670";"2015";"Altera a Lei nº 11.482, de 31 de maio de 2007, para dispor sobre os valores da tabela mensal do Imposto sobre a Renda da Pessoa Física; a Lei nº 7.713, de 22 de dezembro de 1988; e a Lei nº 9.250, de 26 de dezembro de 1995.";"Rejeitada a  Emenda nº 88. Sim: 170; não: 271; abstenção: 1; total: 442.";""
"3d25fda91654c9870eca2243ba30df0a";"150617";"22:59:00";"Não";"MPV";"670";"2015";"Altera a Lei nº 11.482, de 31 de maio de 2007, para dispor sobre os valores da tabela mensal do Imposto sobre a Renda da Pessoa Física; a Lei nº 7.713, de 22 de dezembro de 1988; e a Lei nº 9.250, de 26 de dezembro de 1995.";"Aprovada a Emenda nº 76. Sim: 222; não: 199; abstenção: 2; total: 423.";""
"2b63f86b854817fb5943625ac7c0c159";"150617";"23:32:00";"Não";"MPV";"670";"2015";"Altera a Lei nº 11.482, de 31 de maio de 2007, para dispor sobre os valores da tabela mensal do Imposto sobre a Renda da Pessoa Física; a Lei nº 7.713, de 22 de dezembro de 1988; e a Lei nº 9.250, de 26 de dezembro de 1995.";"Aprovada a  Emenda nº 16. Sim: 231; não: 143; total: 374.";""
"42289f9e26fb706816298eab3a5a4a2e";"150625";"14:26:00";"Sim";"PL";"863";"2015";"Altera as Leis nºs 12.546, de 14 de dezembro de 2011, quanto à contribuição previdenciária sobre a receita bruta, 12.780, de 9 de janeiro de 2013, que dispõe sobre medidas tributárias referentes à realização, no Brasil, dos Jogos Olímpicos de 2016 e dos Jogos Paraolímpicos de 2016, 11.977, de 7 de julho de 2009, e 12.035, de 1º de outubro de 2009; e revoga dispositivos da Lei n° 11.196, de 21 de novembro de 2005, quanto à tributação de bebidas frias.";"Mantida a expressão destacada. Sim: 223; não: 110; abstenção: 2; total: 335.";""
"d0496d9478e0c1906950f34f929823da";"150625";"14:00:00";"Não";"PL";"863";"2015";"Altera as Leis nºs 12.546, de 14 de dezembro de 2011, quanto à contribuição previdenciária sobre a receita bruta, 12.780, de 9 de janeiro de 2013, que dispõe sobre medidas tributárias referentes à realização, no Brasil, dos Jogos Olímpicos de 2016 e dos Jogos Paraolímpicos de 2016, 11.977, de 7 de julho de 2009, e 12.035, de 1º de outubro de 2009; e revoga dispositivos da Lei n° 11.196, de 21 de novembro de 2005, quanto à tributação de bebidas frias.";"Rejeitada a Emenda nº 89. Sim: 125; não: 214; total: 339.";""
"777d4d676094df83c01a8d0966761624";"150624";"00:41:00";"Sim";"PL";"863";"2015";"Altera as Leis nºs 12.546, de 14 de dezembro de 2011, quanto à contribuição previdenciária sobre a receita bruta, 12.780, de 9 de janeiro de 2013, que dispõe sobre medidas tributárias referentes à realização, no Brasil, dos Jogos Olímpicos de 2016 e dos Jogos Paraolímpicos de 2016, 11.977, de 7 de julho de 2009, e 12.035, de 1º de outubro de 2009; e revoga dispositivos da Lei n° 11.196, de 21 de novembro de 2005, quanto à tributação de bebidas frias.";"";""
"7089112b7df7044ebe7d6fd67d1e6d58";"150625";"13:18:00";"Não";"PL";"863";"2015";"Altera as Leis nºs 12.546, de 14 de dezembro de 2011, quanto à contribuição previdenciária sobre a receita bruta, 12.780, de 9 de janeiro de 2013, que dispõe sobre medidas tributárias referentes à realização, no Brasil, dos Jogos Olímpicos de 2016 e dos Jogos Paraolímpicos de 2016, 11.977, de 7 de julho de 2009, e 12.035, de 1º de outubro de 2009; e revoga dispositivos da Lei n° 11.196, de 21 de novembro de 2005, quanto à tributação de bebidas frias.";"Rejeitada a Emenda nº 100. Sim: 117; não: 226; abstenção: 2; total: 345.";""
"a38d07bc34cb9d32d6cce7bf87fa5df2";"150625";"12:35:00";"Sim";"PL";"863";"2015";"Altera as Leis nºs 12.546, de 14 de dezembro de 2011, quanto à contribuição previdenciária sobre a receita bruta, 12.780, de 9 de janeiro de 2013, que dispõe sobre medidas tributárias referentes à realização, no Brasil, dos Jogos Olímpicos de 2016 e dos Jogos Paraolímpicos de 2016, 11.977, de 7 de julho de 2009, e 12.035, de 1º de outubro de 2009; e revoga dispositivos da Lei n° 11.196, de 21 de novembro de 2005, quanto à tributação de bebidas frias.";"Mantido o texto destacado. Sim: 226; não: 127; abstenção: 1; total: 354.";""
"ebd8d378ad807c8fe642e60c7952dfab";"150625";"15:13:00";"Não";"PL";"863";"2015";"Altera as Leis nºs 12.546, de 14 de dezembro de 2011, quanto à contribuição previdenciária sobre a receita bruta, 12.780, de 9 de janeiro de 2013, que dispõe sobre medidas tributárias referentes à realização, no Brasil, dos Jogos Olímpicos de 2016 e dos Jogos Paraolímpicos de 2016, 11.977, de 7 de julho de 2009, e 12.035, de 1º de outubro de 2009; e revoga dispositivos da Lei n° 11.196, de 21 de novembro de 2005, quanto à tributação de bebidas frias.";"Rejeitada a Emenda nº 97. Sim: 136; não: 213; total: 349.";""
"245e76669b6538b7da76efddc412aa57";"150625";"15:53:00";"Não";"PL";"863";"2015";"Altera as Leis nºs 12.546, de 14 de dezembro de 2011, quanto à contribuição previdenciária sobre a receita bruta, 12.780, de 9 de janeiro de 2013, que dispõe sobre medidas tributárias referentes à realização, no Brasil, dos Jogos Olímpicos de 2016 e dos Jogos Paraolímpicos de 2016, 11.977, de 7 de julho de 2009, e 12.035, de 1º de outubro de 2009; e revoga dispositivos da Lei n° 11.196, de 21 de novembro de 2005, quanto à tributação de bebidas frias.";"Aprovada a Emenda Aglutinativa nº 6.  Sim: 211; não: 160; total: 371.";""
"9336ac72a6fcba3d0d16f76cee335d08";"150625";"16:22:00";"Não";"PL";"863";"2015";"Altera as Leis nºs 12.546, de 14 de dezembro de 2011, quanto à contribuição previdenciária sobre a receita bruta, 12.780, de 9 de janeiro de 2013, que dispõe sobre medidas tributárias referentes à realização, no Brasil, dos Jogos Olímpicos de 2016 e dos Jogos Paraolímpicos de 2016, 11.977, de 7 de julho de 2009, e 12.035, de 1º de outubro de 2009; e revoga dispositivos da Lei n° 11.196, de 21 de novembro de 2005, quanto à tributação de bebidas frias.";"Rejeitada a Emenda nº 4. Sim: 140; não: 205; abstenção: 1; total: 346.";""
"b13486a03c02844a45a7eb6f013bde56";"150625";"17:28:00";"Sim";"PL";"863";"2015";"Altera as Leis nºs 12.546, de 14 de dezembro de 2011, quanto à contribuição previdenciária sobre a receita bruta, 12.780, de 9 de janeiro de 2013, que dispõe sobre medidas tributárias referentes à realização, no Brasil, dos Jogos Olímpicos de 2016 e dos Jogos Paraolímpicos de 2016, 11.977, de 7 de julho de 2009, e 12.035, de 1º de outubro de 2009; e revoga dispositivos da Lei n° 11.196, de 21 de novembro de 2005, quanto à tributação de bebidas frias.";"Suprimido o texto destacado. Sim: 169; não: 212; abstenção: 6; total: 387.";""
"fc7c4ed041769c5361adf7f83506c2f7";"150625";"17:57:00";"Sim";"PL";"863";"2015";"Altera as Leis nºs 12.546, de 14 de dezembro de 2011, quanto à contribuição previdenciária sobre a receita bruta, 12.780, de 9 de janeiro de 2013, que dispõe sobre medidas tributárias referentes à realização, no Brasil, dos Jogos Olímpicos de 2016 e dos Jogos Paraolímpicos de 2016, 11.977, de 7 de julho de 2009, e 12.035, de 1º de outubro de 2009; e revoga dispositivos da Lei n° 11.196, de 21 de novembro de 2005, quanto à tributação de bebidas frias.";"Mantido o texto destacado. Sim: 340; não: 33; total: 373.";""
"a0e7c871a2cf366019b69274d32cea6b";"150624";"18:11:00";"Sim";"MPV";"672";"2015";"Dispõe sobre a política de valorização do salário mínimo e dos benefícios pagos pelo Regime Geral de Previdência Social para o período de 2016 a 2019.";"Aprovada a Medida Provisória nº 672 de 2015, ressalvados os destaques. Sim: 287; não: 12; total: 299.";""
"774120147692adbf8921df3ad4d39feb";"150624";"21:24:00";"Não";"MPV";"672";"2015";"Dispõe sobre a política de valorização do salário mínimo e dos benefícios pagos pelo Regime Geral de Previdência Social para o período de 2016 a 2019.";"Rejeitada a Emenda nº 16. Sim: 125; não: 237; abstenção: 1; total: 363.";""
"3caa6bc219c4921f7a9e326891b05197";"150624";"20:26:00";"Não";"MPV";"672";"2015";"Dispõe sobre a política de valorização do salário mínimo e dos benefícios pagos pelo Regime Geral de Previdência Social para o período de 2016 a 2019.";"Rejeitada a Emenda nº 107. Sim: 156; não: 228; abstenção: 1; total: 385.";""
"188653a4ceddb645bbe81d6981ea8b0e";"150624";"21:49:00";"Não";"MPV";"672";"2015";"Dispõe sobre a política de valorização do salário mínimo e dos benefícios pagos pelo Regime Geral de Previdência Social para o período de 2016 a 2019.";"Rejeitada a  Emenda nº 80. Sim: 81; não: 300; abstenção: 11; total: 392.";""
"25845494dba46ec6986ca5addd12a0fb";"150624";"18:51:00";"Não";"MPV";"672";"2015";"Dispõe sobre a política de valorização do salário mínimo e dos benefícios pagos pelo Regime Geral de Previdência Social para o período de 2016 a 2019.";"Aprovada a Emenda Aglutinativa nº 1. Sim: 206. não: 179; abstenção: 4; total: 389.";""
"a7b4751b8f5228f600cbf26445f31fff";"150624";"19:51:00";"Não";"MPV";"672";"2015";"Dispõe sobre a política de valorização do salário mínimo e dos benefícios pagos pelo Regime Geral de Previdência Social para o período de 2016 a 2019.";"Rejeitada a  Emenda nº 65. Sim: 119; não: 279; total: 398.";""
"bf744abcec4531aa35ccf6dd30660819";"150624";"20:59:00";"Não";"MPV";"672";"2015";"Dispõe sobre a política de valorização do salário mínimo e dos benefícios pagos pelo Regime Geral de Previdência Social para o período de 2016 a 2019.";"Rejeitada a Emenda nº 48. Sim: 161; não: 236; total: 397.";""
